cell_id,assigned_lineage,score,margin,runner_up
aajgkghp-1,AT1,0.5712,0.067,AT2
aajhfiik-1,AT1,0.3944,0.071,AT2
aakaclij-1,AT2,0.3221,0.0334,AT1
aakaefoj-1,AT2,0.51,0.0012,AT1
aakbkfik-1,AT1,0.6755,0.1027,Distal epithelium
aakbmfaa-1,AT1,0.4776,0.0853,AT2
aalgmopl-1,Distal epithelium,0.4865,0.0118,AT1
aaoaklif-1,AT1,0.4298,0.031,Distal epithelium
aaodmjie-1,AT2,0.4486,0.0009,AT1
aaomemif-1,Distal epithelium,0.3487,0.0406,AT1
aaomfjeb-1,Adventitial fibroblasts,0.1438,0.0174,T/NK cells
aaookaaa-1,Distal epithelium,0.573,0.0728,AT1
aaooknho-1,Airway smooth muscle,0.361,0.0392,Distal epithelium
aapbkcam-1,AT1,0.4431,0.0618,Distal epithelium
aaphofab-1,Multiciliated,0.1965,0.051,Goblet
aapkipcd-1,AT1,0.4137,0.0121,AT2
abaafecm-1,AT2,0.5161,0.0621,AT1
abacgeam-1,AT1,0.2842,0.0835,AT2
abbpdbla-1,Distal epithelium,0.5701,0.0147,AT1
abbpkdbc-1,Distal epithelium,0.4079,0.037,AT1
abcbnhdi-1,AT1,0.5594,0.0214,Distal epithelium
abciebmo-1,AT1,0.6228,0.0781,Distal epithelium
abclofee-1,AT1,0.2565,0.0853,AT2
abcnaehd-1,AT1,0.6527,0.1042,AT2
abcoeail-1,AT1,0.4836,0.009,AT2
abdepffp-1,AT1,0.5735,0.0127,Distal epithelium
abdmdjcj-1,AT2,0.4628,0.0485,Distal epithelium
abedgieh-1,AT1,0.5551,0.0005,Distal epithelium
abeeeoag-1,AT1,0.5154,0.0232,AT2
abmiokjo-1,AT1,0.4103,0.036,AT2
abmpnppm-1,AT1,0.4812,0.0786,AT2
abnpiing-1,AT1,0.4954,0.019,Distal epithelium
abobpcac-1,Distal epithelium,0.5286,0.0147,AT1
abokcpfe-1,AT1,0.4645,0.0776,AT2
abonhdop-1,Distal epithelium,0.5398,0.0798,Basal
abpbhffe-1,AT1,0.5762,0.0027,Distal epithelium
abpcchlk-1,Multiciliated,0.5154,0.0057,Distal epithelium
aeeiimln-1,AT1,0.6759,0.0226,AT2
aelnljij-1,Distal epithelium,0.6852,0.147,Basal
aemijabp-1,Distal epithelium,0.5943,0.1224,Basal
aemmimbc-1,Distal epithelium,0.6848,0.1118,Basal
aengenge-1,Distal epithelium,0.533,0.0541,Basal
aengepal-1,AT1,0.2963,0.0729,AT2
aenofigf-1,Chondrocytes,0.4269,0.05,Distal epithelium
aeogboie-1,Distal epithelium,0.4285,0.0038,Basal
afcnkcfk-1,Distal epithelium,0.3463,0.042,Basal
afcoodpd-1,Distal epithelium,0.4701,0.0554,Multiciliated
afdjkmia-1,Distal epithelium,0.2932,0.0143,T/NK cells
affdglgl-1,Distal epithelium,0.5377,0.1192,Basal
affieald-1,Distal epithelium,0.5322,0.0697,Basal
afgbkmkl-1,Distal epithelium,0.472,0.0382,Basal
afiadfke-1,Distal epithelium,0.5653,0.1353,Basal
afibolpj-1,Distal epithelium,0.5203,0.1145,Basal
afifcggc-1,Distal epithelium,0.4604,0.0643,Basal
afikijmc-1,Distal epithelium,0.5097,0.0516,Basal
afikkdag-1,Basal,0.1511,0.0528,Neuroendocrine
afkdpggl-1,Distal epithelium,0.4082,0.0991,Multiciliated
afkjjpdb-1,Distal epithelium,0.6394,0.0972,Basal
aflpefmg-1,Distal epithelium,0.3891,0.0495,AT2
afnoapec-1,Distal epithelium,0.3397,0.0262,Basal
afobgagd-1,Distal epithelium,0.1859,0.0413,Multiciliated
afocbmon-1,Distal epithelium,0.4793,0.0749,Basal
afocianb-1,Distal epithelium,0.5233,0.1083,AT1
afohknck-1,Distal epithelium,0.4806,0.0274,AT1
afpnckke-1,AT1,0.5869,0.0034,AT2
agalbioo-1,AT2,0.3684,0.0222,AT1
agbajapa-1,AT2,0.4202,0.0034,AT1
aghjikif-1,AT2,0.316,0.0338,Distal epithelium
aghlkaio-1,Distal epithelium,0.4713,0.0187,Basal
agjenahp-1,EC general capillary,0.321,0.023,AT1
agjnijoc-1,Distal epithelium,0.6137,0.0969,Basal
agkndbdn-1,Basal,0.2549,0.033,Distal epithelium
aglaldgn-1,Secretory,0.5312,0.0115,Basal
agnffinc-1,Distal epithelium,0.6558,0.1086,Basal
agnkajkc-1,Distal epithelium,0.6682,0.1332,Basal
agnmallm-1,Distal epithelium,0.6897,0.1529,AT1
ahagcjkp-1,Distal epithelium,0.6755,0.0521,Basal
ahahjodk-1,Distal epithelium,0.5287,0.0072,Basal
ahaigocm-1,AT1,0.432,0.1165,AT2
aheaeafc-1,AT1,0.5696,0.0764,AT2
ahgeldep-1,Distal epithelium,0.375,0.0086,Multiciliated
ahkljmgn-1,Distal epithelium,0.6294,0.1201,Airway smooth muscle
ahlboaml-1,Distal epithelium,0.7061,0.1698,AT1
ahncklpp-1,Distal epithelium,0.4892,0.0267,Basal
ahnkhlog-1,Distal epithelium,0.5465,0.0268,Basal
ahpcgnla-1,Distal epithelium,0.7267,0.1248,Basal
ahpcmckc-1,Goblet,0.3185,0.0453,Pericytes
ahphgnjj-1,Distal epithelium,0.5308,0.167,Basal
ahpjcbbc-1,Distal epithelium,0.3921,0.0463,Basal
ahpjcifl-1,AT1,0.3225,0.0044,Distal epithelium
ahpoefjn-1,Distal epithelium,0.7234,0.091,Basal
ahppcafj-1,Distal epithelium,0.5624,0.0467,AT1
aiaanigk-1,Distal epithelium,0.3225,0.0775,Multiciliated
aiefjhce-1,AT1,0.4038,0.1151,AT2
aiehbfpa-1,AT1,0.2865,0.022,Distal epithelium
aifjhpnj-1,AT1,0.576,0.0537,AT2
aiholbfd-1,Distal epithelium,0.6107,0.1158,Basal
aijlhpoo-1,Multiciliated,0.4719,0.0012,Goblet
aijmpfbe-1,AT2,0.4626,0.0665,AT1
aijncgoe-1,AT2,0.4959,0.0347,Multiciliated
aikcaebh-1,AT1,0.3521,0.0152,AT2
aikmhhmc-1,AT2,0.5644,0.0554,Multiciliated
ailidkfg-1,AT2,0.2875,0.0791,AT1
aiohjopd-1,AT2,0.4505,0.0939,AT1
aioiolii-1,AT2,0.3889,0.0877,T/NK cells
aiojplgj-1,AT2,0.4411,0.0584,AT1
aiokdife-1,AT2,0.5431,0.1347,AT1
aiolaien-1,AT2,0.4337,0.0172,Basal
aiolbjig-1,Multiciliated,0.349,0.0064,AT2
aiomcgcp-1,Multiciliated,0.5298,0.0087,AT2
aiomdbfo-1,AT2,0.4923,0.0616,Lymphatic EC
aiopibci-1,AT2,0.4948,0.0219,Secretory
aipacfpc-1,AT2,0.5698,0.1497,Multiciliated
aipajgoj-1,AT2,0.5438,0.2,AT1
aipamagc-1,AT2,0.5035,0.1538,Multiciliated
aipandce-1,AT2,0.6569,0.0953,Distal epithelium
aipbfbkg-1,AT2,0.6029,0.131,AT1
aipbmflk-1,AT2,0.649,0.1823,Goblet
aipbnohh-1,AT2,0.722,0.2914,AT1
aipcdicc-1,AT2,0.7341,0.2395,AT1
aipcecli-1,AT2,0.7241,0.3044,Multiciliated
aipclbfe-1,AT2,0.6983,0.1858,Distal epithelium
aipcnccp-1,AT2,0.675,0.1701,AT1
aipcoinc-1,AT2,0.6501,0.1157,Distal epithelium
aipdbepd-1,AT2,0.5962,0.1165,AT1
aipdhgch-1,AT2,0.5518,0.2244,AT1
aipdpgfc-1,AT2,0.6783,0.2373,Multiciliated
aipebmjm-1,AT2,0.5995,0.0741,AT1
aipegeae-1,AT2,0.6722,0.1147,Distal epithelium
aipgpcal-1,AT2,0.4679,0.1219,Distal epithelium
aipodhhn-1,AT2,0.4622,0.1699,AT1
aipomgii-1,AT2,0.5352,0.174,Distal epithelium
aippeccl-1,AT2,0.4175,0.0023,AT1
aipphcid-1,AT2,0.3791,0.0085,Distal epithelium
aippnbcl-1,AT2,0.5834,0.1922,AT1
aippngam-1,AT2,0.4635,0.1512,Distal epithelium
ajaedbdk-1,AT2,0.5662,0.2048,Distal epithelium
ajckleba-1,AT2,0.5276,0.1763,AT1
ajcliklm-1,AT2,0.518,0.0551,AT1
ajcmecmd-1,AT2,0.393,0.0723,Distal epithelium
ajcmgbjo-1,AT2,0.4734,0.1202,Multiciliated
ajcmlnhi-1,AT2,0.5367,0.0789,Distal epithelium
ajcmpcom-1,AT2,0.5158,0.1849,Multiciliated
ajcmpjck-1,AT2,0.4617,0.0962,Distal epithelium
ajcpappi-1,AT2,0.4232,0.0822,Distal epithelium
ajdblmol-1,AT2,0.4164,0.0454,Multiciliated
ajdcdodl-1,AT2,0.6645,0.1767,AT1
ajdghblp-1,Multiciliated,0.4579,0.0037,Distal epithelium
ajdjdoem-1,AT2,0.4824,0.024,Multiciliated
ajdjinie-1,AT2,0.481,0.0238,AT1
ajdmkljn-1,AT2,0.4716,0.0984,AT1
ajdmlkga-1,AT2,0.4761,0.0871,AT1
ajehaofi-1,Goblet,0.3945,0.0445,Multiciliated
ajeiioia-1,AT2,0.478,0.0392,AT1
ajeilgff-1,AT2,0.5469,0.1343,Distal epithelium
ajekhldb-1,AT2,0.4781,0.1314,T/NK cells
ajhjoiip-1,AT2,0.2891,0.0368,Distal epithelium
ajkbglhd-1,Distal epithelium,0.6266,0.0877,Basal
ajkgoabp-1,Distal epithelium,0.7477,0.1936,AT1
ajmjbmap-1,AT2,0.6282,0.1396,AT1
ajpokooc-1,Multiciliated,0.4123,0.0909,AT2
akbceija-1,Multiciliated,0.3218,0.0116,Goblet
akbifeib-1,Distal epithelium,0.6945,0.0948,Basal
akcglggo-1,AT2,0.5767,0.1413,Multiciliated
akfhmndi-1,Distal epithelium,0.7288,0.0695,Basal
akhggdlh-1,Distal epithelium,0.5357,0.0598,Basal
akhgklen-1,Distal epithelium,0.7148,0.1682,Basal
akknjolj-1,Distal epithelium,0.7852,0.1286,Basal
aldmlkll-1,AT2,0.4208,0.0479,Multiciliated
aliechmm-1,Distal epithelium,0.651,0.1337,Basal
alpekhbi-1,Secretory,0.5532,0.087,Plasma cells
ammahmhe-1,AT2,0.4408,0.0616,Goblet
anggghal-1,AT2,0.6035,0.1389,Goblet
angmonam-1,Lymphatic EC,0.2429,0.0161,Multiciliated
angnaaod-1,AT2,0.6167,0.0328,Goblet
angnbfdc-1,AT2,0.5944,0.1538,AT1
aninhenn-1,AT2,0.5093,0.1183,Distal epithelium
anipbdhp-1,AT2,0.453,0.0916,AT1
anjflgnc-1,AT2,0.3439,0.0751,AT1
anlnckph-1,AT2,0.7009,0.1885,AT1
anmbapmk-1,AT2,0.5412,0.16,Goblet
anmegppd-1,AT2,0.5549,0.1204,Goblet
anmiplpo-1,AT2,0.6643,0.16,AT1
anmknhal-1,AT2,0.5576,0.0444,Goblet
anmmepbg-1,AT2,0.5904,0.1783,Goblet
aochafai-1,AT2,0.4493,0.007,Distal epithelium
aodcdkbd-1,Distal epithelium,0.5498,0.0735,Basal
aodeehhl-1,Distal epithelium,0.7188,0.1496,Airway smooth muscle
aodglopk-1,Distal epithelium,0.6959,0.1246,Basal
aodldkei-1,Distal epithelium,0.6423,0.1059,AT1
apecgbbk-1,Distal epithelium,0.6852,0.1655,AT1
apgkpecj-1,Distal epithelium,0.554,0.0772,AT2
apgndfce-1,AT1,0.6394,0.1189,AT2
aphipaan-1,AT1,0.2773,0.0025,EC general capillary
aphpiike-1,AT2,0.4667,0.0604,Distal epithelium
apiainod-1,Distal epithelium,0.1744,0.0043,AT1
apianmod-1,AT1,0.4373,0.0054,Distal epithelium
apidajfj-1,Pericytes,0.1839,0.0231,EC aerocyte capillary
apigefji-1,AT2,0.493,0.0232,AT1
apikppjp-1,AT1,0.5242,0.0553,AT2
apimplnc-1,AT2,0.2522,0.0397,AT1
apinipck-1,Distal epithelium,0.5167,0.037,T/NK cells
apjacpln-1,AT1,0.4723,0.0482,AT2
apjafhea-1,AT2,0.4823,0.001,AT1
apjbngbh-1,Multiciliated,0.6012,0.1107,Goblet
apncdigm-1,AT2,0.3507,0.0268,AT1
apnnpdkl-1,AT2,0.2994,0.0718,T/NK cells
baabldia-1,Multiciliated,0.3923,0.0005,Distal epithelium
baaelbhh-1,Multiciliated,0.1875,0.0689,Goblet
baalcijh-1,AT2,0.5152,0.0751,Multiciliated
bacjhlph-1,Lymphatic EC,0.3428,0.017,AT2
baddbpbo-1,Multiciliated,0.4137,0.0403,AT2
bafgpleg-1,AT1,0.3243,0.0437,AT2
bafjiggl-1,AT2,0.2946,0.0682,AT1
bafppehe-1,AT1,0.5203,0.022,Distal epithelium
bagfhbkb-1,EC general capillary,0.3285,0.0112,AT1
bagfiigm-1,AT2,0.4506,0.0257,Distal epithelium
bagoabnh-1,AT1,0.4883,0.0199,AT2
bagommgi-1,AT1,0.6436,0.0646,Distal epithelium
bahfpgon-1,AT1,0.3994,0.0201,AT2
bahledgf-1,AT1,0.5277,0.0114,AT2
baigbkfi-1,AT1,0.5514,0.1406,Distal epithelium
baikaalk-1,Distal epithelium,0.5042,0.0318,AT2
bajmhedc-1,AT2,0.6157,0.1239,AT1
bajpgdnl-1,AT2,0.4956,0.079,AT1
bajpiclp-1,AT2,0.5845,0.1687,Multiciliated
bakdhkcd-1,Goblet,0.5911,0.059,Multiciliated
bakelcdl-1,AT2,0.4947,0.0495,Goblet
balagfcc-1,AT2,0.4783,0.0948,Goblet
baloagmn-1,AT2,0.5657,0.055,Goblet
bankoljb-1,AT2,0.6045,0.1153,AT1
banoipjf-1,Goblet,0.4523,0.0186,Lymphatic EC
banopdke-1,AT2,0.6062,0.1232,Goblet
baofkkol-1,AT2,0.5808,0.1248,T/NK cells
baofncik-1,AT2,0.391,0.0059,Distal epithelium
baognpgh-1,AT2,0.387,0.0825,T/NK cells
baokdohm-1,AT2,0.6101,0.1122,Distal epithelium
bapjadck-1,AT2,0.686,0.1591,Goblet
bapjekbm-1,AT2,0.606,0.1086,AT1
bapjfglb-1,AT2,0.5284,0.141,AT1
bbabbeak-1,AT2,0.6544,0.0928,Goblet
bblldbmi-1,AT2,0.4472,0.0341,Distal epithelium
bbmcckdj-1,AT1,0.5661,0.0059,AT2
bbmcohkn-1,AT1,0.6497,0.06,AT2
bbmcpbml-1,AT2,0.5017,0.0088,AT1
bbmdcnbf-1,AT1,0.637,0.0341,AT2
bbmdeala-1,AT2,0.5983,0.0407,AT1
bbmeccpd-1,AT2,0.4519,0.0603,AT1
bbmecmga-1,AT1,0.5247,0.0477,Distal epithelium
bbmeffan-1,Distal epithelium,0.5354,0.0215,AT1
bbmeolec-1,AT1,0.6239,0.1828,Distal epithelium
bbmheaon-1,AT2,0.4203,0.0323,Distal epithelium
bbmimdfp-1,AT1,0.4462,0.0341,AT2
bbmpobhn-1,Distal epithelium,0.4813,0.005,AT2
bbnaeefe-1,Distal epithelium,0.2973,0.0154,AT2
bbncaega-1,AT1,0.6732,0.1138,Distal epithelium
bbnciebc-1,AT1,0.6833,0.1251,AT2
bbnmkbhg-1,AT1,0.4232,0.0353,AT2
bbobbnhn-1,Distal epithelium,0.4389,0.003,AT2
bbobdcdc-1,AT1,0.4511,0.0628,Distal epithelium
bbogiigi-1,AT1,0.4629,0.0695,Distal epithelium
bbogjade-1,AT1,0.5624,0.0521,Distal epithelium
bbojbmmo-1,Distal epithelium,0.3265,0.0133,AT2
bbooicdc-1,Distal epithelium,0.6111,0.0555,AT1
bbplfamm-1,Distal epithelium,0.4138,0.021,Multiciliated
bbplgaga-1,Distal epithelium,0.4283,0.0039,Pericytes
bbpmghpj-1,Distal epithelium,0.4222,0.0337,AT1
bbpnpfnk-1,AT1,0.3784,0.0721,Distal epithelium
bcacidkj-1,Distal epithelium,0.4108,0.0395,Basal
bcacopom-1,AT1,0.3517,0.0801,AT2
bcanikpa-1,Distal epithelium,0.4529,0.0029,AT1
bcapncdk-1,AT1,0.6297,0.0751,AT2
bcbgipic-1,AT1,0.5956,0.0187,AT2
bcbljgai-1,Alveolar fibroblasts,0.3577,0.0016,Airway smooth muscle
bcccidgg-1,AT1,0.5041,0.0277,AT2
bcdcjndb-1,AT2,0.4015,0.0273,AT1
bcddckph-1,AT1,0.4011,0.0331,AT2
bcddcpje-1,AT1,0.4879,0.0137,Distal epithelium
bcddgahi-1,AT1,0.7224,0.1056,AT2
bcddlkim-1,Distal epithelium,0.5818,0.0189,AT1
bcddpjjc-1,AT1,0.3983,0.0067,AT2
bcfnjgmh-1,AT2,0.617,0.1536,Goblet
bcfnkfle-1,AT2,0.6208,0.1433,AT1
bcfnldgn-1,AT2,0.5274,0.1142,AT1
bcfnncie-1,AT2,0.4456,0.1667,Distal epithelium
bcfobkdh-1,AT2,0.4697,0.0712,Multiciliated
bcfognog-1,AT2,0.62,0.1265,AT1
bcgcgipj-1,AT2,0.5253,0.133,Distal epithelium
bcgchahb-1,AT2,0.4792,0.1491,Distal epithelium
bcgclplp-1,AT2,0.5188,0.1067,AT1
bcgdcfhi-1,AT2,0.5577,0.1673,Goblet
bcgimgka-1,AT2,0.5738,0.1176,Distal epithelium
bcginldi-1,AT2,0.5203,0.1121,Goblet
bcgjfcce-1,AT2,0.409,0.0388,AT1
bcgjokgk-1,AT2,0.5743,0.1375,AT1
bcgkaego-1,AT2,0.5523,0.0825,AT1
bcgkbpme-1,AT2,0.5405,0.0017,AT1
bcglkfdc-1,AT2,0.6593,0.2329,AT1
bcgmldeh-1,AT2,0.5682,0.1028,AT1
bcgnacpc-1,AT2,0.5493,0.1229,AT1
bcgnkoja-1,AT2,0.6361,0.1304,Distal epithelium
bcgodhmg-1,AT2,0.6121,0.1663,Multiciliated
bcgofnme-1,AT2,0.5062,0.1326,AT1
bcgpimbh-1,AT2,0.4048,0.103,Distal epithelium
bchajejo-1,AT2,0.4312,0.1261,Multiciliated
bchakhjj-1,AT2,0.5435,0.1639,AT1
bchbbgaj-1,AT2,0.5139,0.0256,AT1
bchedeib-1,AT2,0.4566,0.1186,Distal epithelium
bchfgnkg-1,AT2,0.4725,0.0357,Goblet
bchgikbj-1,AT2,0.5498,0.061,AT1
bchijhia-1,T/NK cells,0.3775,0.005,Lymphatic EC
bchkdpgm-1,AT2,0.4317,0.1223,Multiciliated
bcihgpcp-1,AT2,0.4809,0.0057,AT1
bcjehccf-1,AT2,0.6211,0.0901,AT1
bcjghajd-1,AT2,0.4989,0.155,Distal epithelium
bcjidjlh-1,AT2,0.6261,0.106,AT1
bcjihfjj-1,AT2,0.5872,0.1897,AT1
bcjkacjm-1,AT2,0.4184,0.0423,Distal epithelium
bcjlojki-1,AT2,0.4873,0.0926,Multiciliated
bcjnckbm-1,AT2,0.4866,0.0739,AT1
bcjppjfk-1,AT2,0.4651,0.0595,AT1
bckajeaj-1,AT2,0.4037,0.051,Distal epithelium
bckiimgg-1,AT2,0.4058,0.0192,AT1
bckijhan-1,AT2,0.4963,0.0908,AT1
bckkpigk-1,AT2,0.545,0.1147,Distal epithelium
bclaklki-1,AT2,0.4628,0.0689,T/NK cells
bclbgoee-1,AT2,0.3655,0.0492,Distal epithelium
bclbmbhe-1,AT2,0.4582,0.077,AT1
bclbnppf-1,AT1,0.5207,0.0023,AT2
bclcaamg-1,AT1,0.5547,0.0195,AT2
bclcgnpb-1,AT2,0.4451,0.066,Distal epithelium
bclckobd-1,AT2,0.498,0.1851,AT1
bclcolpk-1,AT2,0.3988,0.0606,T/NK cells
bcmllmlo-1,AT1,0.4912,0.0443,AT2
bcmmlhkn-1,AT2,0.6131,0.0991,AT1
bcnihcha-1,Goblet,0.2751,0.0162,AT2
bcpkjbdf-1,AT2,0.2334,0.0442,Plasma cells
bdmhpelj-1,AT2,0.6053,0.1029,Distal epithelium
beghladk-1,Distal epithelium,0.5018,0.0627,Basal
bepdonpk-1,Distal epithelium,0.6965,0.1604,Basal
bepfgblc-1,Distal epithelium,0.6845,0.1481,Basal
bepibaoa-1,Distal epithelium,0.7429,0.1431,Basal
bepoikpp-1,Distal epithelium,0.6899,0.1079,Basal
bfbnjnad-1,Distal epithelium,0.7615,0.1179,AT1
bfiklphe-1,Distal epithelium,0.644,0.1,Basal
bfjbldha-1,Distal epithelium,0.7351,0.1337,Basal
bfodpcio-1,Distal epithelium,0.8034,0.1798,Basal
bganjdjj-1,Distal epithelium,0.5737,0.0506,Airway smooth muscle
bgdacfjm-1,Distal epithelium,0.7058,0.1368,Basal
bgkkoack-1,Distal epithelium,0.4556,0.0541,Goblet
bgnjmhmg-1,Plasma cells,0.3297,0.0263,Secretory
bhgleflb-1,AT2,0.4632,0.0096,Goblet
bhkkidjo-1,Multiciliated,0.4752,0.0186,Distal epithelium
biahmnlg-1,Distal epithelium,0.758,0.1998,Basal
bicndedn-1,Distal epithelium,0.5711,0.11,Airway smooth muscle
bieblmdd-1,Distal epithelium,0.5368,0.0695,Basal
biehmpcm-1,Distal epithelium,0.5975,0.111,Basal
biibkmmi-1,Distal epithelium,0.8163,0.1944,Basal
bijlkkbg-1,Distal epithelium,0.8103,0.1548,Basal
bjnpgmkb-1,Distal epithelium,0.6929,0.1247,Basal
bkbkbgel-1,Distal epithelium,0.7371,0.1321,Basal
bkeecppm-1,Distal epithelium,0.3937,0.0759,Basal
blabbfcj-1,Multiciliated,0.4043,0.0081,AT2
bljfnfbn-1,Distal epithelium,0.6556,0.136,Basal
blkjkjdg-1,AT2,0.122,0.0051,Schwann cells
blloilkl-1,Multiciliated,0.4944,0.0803,AT2
blnmenob-1,Distal epithelium,0.6136,0.0275,Basal
blokpdjk-1,Distal epithelium,0.5712,0.0598,T/NK cells
bmaihhlf-1,Distal epithelium,0.6478,0.1276,Basal
bnmablki-1,AT2,0.2924,0.0314,AT1
chahbmfh-1,AT1,0.5259,0.0195,Distal epithelium
chepgafl-1,Multiciliated,0.4188,0.0099,AT2
chllkjkj-1,AT2,0.3753,0.0107,AT1
cibeodnj-1,AT1,0.4702,0.0127,AT2
cidmckap-1,Distal epithelium,0.3328,0.0615,AT1
cighaicd-1,AT1,0.689,0.1848,Distal epithelium
cijegnkl-1,AT2,0.2859,0.0582,Airway smooth muscle
cilbfhmn-1,AT1,0.5451,0.046,AT2
cjhjbplh-1,Alveolar fibroblasts,0.3653,0.0019,Airway smooth muscle
cjillifp-1,AT1,0.494,0.1336,AT2
cjmadhag-1,AT1,0.4938,0.0266,AT2
cjmbbdhl-1,AT1,0.5831,0.0866,Distal epithelium
cjmniacg-1,AT1,0.5348,0.1213,Distal epithelium
cjnponbg-1,AT1,0.2867,0.163,AT2
cjpefihd-1,AT1,0.3424,0.0984,AT2
ckaooibc-1,AT1,0.4968,0.063,AT2
ckehcbpo-1,Airway smooth muscle,0.3789,0.0043,Distal epithelium
ckfilcbd-1,Distal epithelium,0.1813,0.0205,AT2
ckfkimkk-1,AT1,0.5405,0.009,Distal epithelium
ckghoibj-1,Distal epithelium,0.5902,0.0225,Basal
ckgipckd-1,AT1,0.5424,0.0945,AT2
ckgmccfk-1,AT1,0.4928,0.0792,AT2
ckibocod-1,AT1,0.5929,0.0464,Distal epithelium
ckjahjpi-1,AT1,0.6065,0.0075,Distal epithelium
ckkfpdaj-1,AT1,0.597,0.1154,AT2
ckkmhecb-1,AT1,0.2955,0.0152,Vascular smooth muscle
cklgokod-1,AT1,0.3209,0.0468,AT2
ckmhmphc-1,AT1,0.5165,0.0975,AT2
ckopemgo-1,AT2,0.1699,0.0437,AT1
cldblhdn-1,AT1,0.7094,0.1206,Distal epithelium
clggplcm-1,Distal epithelium,0.415,0.0103,AT1
clglljdh-1,AT2,0.3506,0.0055,Distal epithelium
clmnmbcb-1,AT1,0.7153,0.1153,Distal epithelium
clnmcepi-1,AT1,0.564,0.0453,AT2
clpeamaj-1,AT1,0.4516,0.0617,AT2
cmajihld-1,AT2,0.4153,0.001,Distal epithelium
cmjbaaop-1,Distal epithelium,0.545,0.026,AT1
cmlkbign-1,AT1,0.4777,0.0878,Distal epithelium
cmlkemfl-1,AT1,0.4914,0.0977,AT2
cmmdblpg-1,AT1,0.3943,0.0836,AT2
cmnemnee-1,AT2,0.3477,0.051,AT1
cmojgjaa-1,EC general capillary,0.332,0.01,EC aerocyte capillary
coaclehd-1,Goblet,0.4789,0.0469,Multiciliated
dgbhdank-1,AT1,0.3464,0.0074,AT2
dgkelhla-1,AT1,0.2484,0.013,EC general capillary
dgnniemk-1,Distal epithelium,0.4128,0.0148,AT1
dhbidhkg-1,Distal epithelium,0.2837,0.0177,AT1
dhbjcomk-1,AT1,0.3171,0.0033,AT2
dhcbcgfk-1,Distal epithelium,0.5729,0.0285,AT1
dhfipmbb-1,AT1,0.4448,0.0024,Goblet
dhgbijio-1,AT2,0.5125,0.0191,AT1
dhhhdgfi-1,AT1,0.6579,0.1355,AT2
dhkiaenn-1,AT1,0.604,0.011,Distal epithelium
dhlnmdjc-1,AT1,0.5308,0.0929,AT2
dhofaane-1,AT1,0.5791,0.1326,AT2
dhomibhe-1,AT1,0.5819,0.0692,Distal epithelium
dhopkfan-1,AT1,0.4293,0.0277,Distal epithelium
dhpikhni-1,AT2,0.4529,0.015,AT1
dhpnpdpi-1,AT1,0.5846,0.0591,Distal epithelium
dibencio-1,AT1,0.4837,0.0366,EC general capillary
didekgbi-1,Distal epithelium,0.5218,0.0048,Multiciliated
didekicm-1,Distal epithelium,0.5594,0.0522,Basal
diegfhen-1,AT2,0.3627,0.0351,AT1
diehhpim-1,AT1,0.5492,0.0027,Distal epithelium
diemkpij-1,AT1,0.5695,0.078,Distal epithelium
djmeeeem-1,Multiciliated,0.437,0.0119,Basal
djpafojk-1,AT2,0.5553,0.0564,Distal epithelium
dkmeolco-1,AT1,0.5426,0.0158,Distal epithelium
dkmfbdce-1,AT1,0.6259,0.1269,AT2
dknbhmon-1,Distal epithelium,0.5993,0.076,Basal
dkoiknnf-1,Distal epithelium,0.5012,0.0646,AT1
dkpmfolj-1,Adventitial fibroblasts,0.3573,0.0242,AT1
dlbeakaj-1,Multiciliated,0.4909,0.0104,Distal epithelium
dlblbfgh-1,AT2,0.2574,0.0415,AT1
dlbndcia-1,AT1,0.5373,0.0371,Distal epithelium
dlclgjcl-1,AT1,0.5198,0.1353,AT2
dlcnfime-1,AT1,0.6109,0.1068,Distal epithelium
dnaflfge-1,AT2,0.4844,0.0504,AT1
dnapjalf-1,Goblet,0.4899,0.0554,Multiciliated
dnapjdph-1,AT2,0.6723,0.0117,AT1
dnbajdpj-1,AT2,0.4637,0.028,EC venous
dnbmbgab-1,AT1,0.4192,0.0055,AT2
dnbmnndm-1,AT2,0.5265,0.0139,Goblet
dndjaaih-1,AT2,0.6008,0.1497,Goblet
dndjflbn-1,AT2,0.4533,0.0899,Goblet
dnecgkml-1,AT2,0.4957,0.0671,T/NK cells
dnefdbla-1,AT2,0.6564,0.0955,Goblet
dnodomij-1,AT2,0.4086,0.0037,T/NK cells
eaknblpn-1,Distal epithelium,0.4181,0.0545,Basal
ebjmgpjh-1,Distal epithelium,0.4033,0.0024,AT1
eddgdfbc-1,Distal epithelium,0.3487,0.0759,AT2
edlgdagk-1,AT1,0.3997,0.0559,Distal epithelium
edoejclg-1,Distal epithelium,0.7038,0.1799,Basal
edpbjcgn-1,Distal epithelium,0.6487,0.1439,Basal
eecbioho-1,Distal epithelium,0.4661,0.0306,Basal
eekhhmfb-1,AT1,0.5734,0.0554,Distal epithelium
eekoiboc-1,AT1,0.4195,0.051,AT2
eekopkfk-1,AT1,0.3431,0.0408,AT2
eenbkmec-1,AT1,0.5627,0.0773,Distal epithelium
efbonjcc-1,Distal epithelium,0.5361,0.141,AT1
efmongjc-1,Distal epithelium,0.4931,0.1012,Basal
ehfggjkb-1,AT1,0.5409,0.1035,AT2
ehgioemj-1,AT2,0.2294,0.0004,AT1
ehifeiie-1,Distal epithelium,0.6139,0.043,AT1
ehkaoepm-1,AT1,0.3959,0.0271,AT2
ehmefnlb-1,AT1,0.5218,0.1006,AT2
ehmnalhj-1,AT1,0.609,0.0586,AT2
ehnneipe-1,AT1,0.2355,0.0282,AT2
ehoaiink-1,AT1,0.3201,0.0009,EC general capillary
ehpoplam-1,AT2,0.2066,0.0642,AT1
eiahmnaf-1,Distal epithelium,0.3467,0.0298,AT2
eiaibhbb-1,AT1,0.4447,0.0336,Multiciliated
eialhche-1,AT1,0.4607,0.0266,Distal epithelium
eiclocad-1,AT1,0.5281,0.0543,Distal epithelium
eidagdma-1,Multiciliated,0.2523,0.0225,Distal epithelium
eidbgece-1,AT1,0.3062,0.0185,AT2
eidgcmop-1,AT1,0.4334,0.0354,AT2
eidmjcdd-1,Lymphatic EC,0.2194,0.0463,Vascular smooth muscle
eidnlihf-1,Distal epithelium,0.6328,0.0307,Multiciliated
eifmaijo-1,AT1,0.5877,0.16,Distal epithelium
eihdljib-1,Distal epithelium,0.3622,0.0358,AT1
eiippbbk-1,AT1,0.2212,0.0519,Alveolar fibroblasts
ejdbecdm-1,Distal epithelium,0.3265,0.0155,Airway smooth muscle
ejdbmlop-1,Distal epithelium,0.5081,0.0217,AT1
ejejmenc-1,EC general capillary,0.3751,0.057,EC venous
ejhkgkim-1,AT1,0.4922,0.0175,AT2
ejiggaae-1,AT2,0.4147,0.0459,Airway smooth muscle
ejkbhhhf-1,AT1,0.3396,0.0048,AT2
ejoigpca-1,Alveolar fibroblasts,0.3438,0.001,Distal epithelium
ekaececa-1,AT1,0.5197,0.0262,AT2
ekahgipp-1,AT1,0.3621,0.0429,AT2
ekbhnogf-1,AT1,0.3268,0.1486,AT2
ekfdgdjn-1,Distal epithelium,0.6365,0.0017,AT1
ekhbohjg-1,Alveolar fibroblasts,0.1663,0.0023,AT1
ekhcldoo-1,AT1,0.5625,0.1433,AT2
ekhicead-1,AT1,0.5164,0.0637,Distal epithelium
ekjjdljl-1,AT1,0.569,0.0636,Distal epithelium
ekmfemph-1,AT1,0.6079,0.13,AT2
eoeigcbf-1,AT2,0.3269,0.0505,T/NK cells
epnfiegc-1,Distal epithelium,0.6394,0.1244,AT2
fbllaecg-1,AT1,0.1257,0.0093,AT2
ffnncmfj-1,AT1,0.4543,0.0335,AT2
ffohidka-1,AT1,0.4659,0.1028,AT2
ffojhaen-1,AT1,0.5163,0.0333,AT2
ffpjehgi-1,EC aerocyte capillary,0.4499,0.0112,EC venous
fgagcgfa-1,AT1,0.6288,0.0131,Distal epithelium
fgbjcgla-1,AT1,0.5007,0.0215,EC general capillary
fgfgjhci-1,Distal epithelium,0.3821,0.0263,AT1
fginaboc-1,AT1,0.4641,0.054,AT2
fgipnoan-1,Goblet,0.3538,0.0191,Distal epithelium
fgjelihf-1,AT1,0.2935,0.1229,AT2
fgjepmkp-1,AT1,0.6322,0.0645,AT2
fglanmgn-1,Distal epithelium,0.5012,0.0404,Airway smooth muscle
fgllnodk-1,Goblet,0.3999,0.0047,AT2
fgmmhaji-1,AT1,0.4576,0.128,AT2
fgngbhnn-1,AT1,0.4444,0.0107,Distal epithelium
fhfaamee-1,AT1,0.6187,0.0744,AT2
fhimlkjk-1,Distal epithelium,0.4249,0.0318,Skeletal muscle
fhkofkhk-1,AT1,0.7439,0.1526,AT2
fhlidgff-1,AT1,0.636,0.0769,Distal epithelium
fhljcngi-1,AT2,0.3223,0.0082,Goblet
fhlpmafl-1,AT1,0.6683,0.1335,Distal epithelium
fhmcaloa-1,Alveolar fibroblasts,0.3397,0.0194,Airway smooth muscle
fhngnehj-1,AT1,0.3991,0.0729,AT2
fhpepnja-1,AT2,0.5144,0.045,Distal epithelium
fieilbpc-1,AT1,0.3496,0.0917,AT2
fignndfn-1,AT1,0.5351,0.0058,Distal epithelium
fjnjkbhk-1,Distal epithelium,0.695,0.1402,Basal
fjpdadkm-1,Distal epithelium,0.7642,0.1621,AT1
fkbeeekc-1,Distal epithelium,0.6867,0.1154,Basal
fkcgonem-1,Distal epithelium,0.7258,0.179,AT1
fkchadon-1,Distal epithelium,0.6288,0.1686,Basal
fkdkbcda-1,Distal epithelium,0.5664,0.1058,Multiciliated
fklamkfc-1,Distal epithelium,0.7253,0.0945,Basal
flackoca-1,Distal epithelium,0.6597,0.1338,AT2
flcobcmg-1,Distal epithelium,0.6918,0.0715,Basal
fmopihdp-1,Distal epithelium,0.6089,0.0945,Basal
fmpfdkdp-1,Distal epithelium,0.665,0.1186,Multiciliated
fnghkmmb-1,EC venous,0.2336,0.0049,EC general capillary
gajjmbkc-1,Distal epithelium,0.5294,0.1008,Basal
gbacigfd-1,Skeletal muscle,0.401,0.0415,Basal
gbackopa-1,Distal epithelium,0.4458,0.0916,Multiciliated
gbhppphj-1,Distal epithelium,0.4455,0.0131,Airway smooth muscle
gbiohpic-1,AT1,0.4572,0.0571,Goblet
gfnnjhck-1,AT1,0.6363,0.0338,AT2
ggehcmha-1,AT2,0.2434,0.0846,AT1
ggfifmha-1,AT2,0.1341,0.0379,AT1
ggfifpoj-1,EC aerocyte capillary,0.3811,0.0255,EC general capillary
ggfikhfm-1,AT2,0.6307,0.0748,AT1
ghehgehj-1,AT2,0.6447,0.1417,AT1
gheiadbo-1,EC aerocyte capillary,0.359,0.0162,EC venous
ghgafbpj-1,AT1,0.1533,0.0013,AT2
ghgaiocd-1,Lymphatic EC,0.3972,0.0015,EC venous
ghhabbhj-1,AT2,0.3932,0.0582,Distal epithelium
ghieakpa-1,AT2,0.3815,0.0601,AT1
ghimnhkf-1,Basal,0.341,0.0142,Multiciliated
ghklbabn-1,AT2,0.4663,0.0332,Multiciliated
ghpicjbj-1,AT2,0.4859,0.0777,AT1
ghpngjne-1,AT1,0.707,0.0465,AT2
giadbpde-1,Goblet,0.4277,0.0197,AT2
gideolhh-1,AT2,0.1407,0.0513,Multiciliated
gihbhjmo-1,Multiciliated,0.2186,0.0009,Secretory
giippiin-1,AT1,0.5205,0.0314,AT2
giippnie-1,AT2,0.3638,0.0277,AT1
giloopnh-1,AT2,0.35,0.0756,AT1
gjagidaf-1,AT2,0.4637,0.0375,Distal epithelium
gjamhfbp-1,AT2,0.3028,0.026,Distal epithelium
gjdmmcce-1,AT2,0.4564,0.1203,AT1
gjegpkee-1,AT2,0.4383,0.0824,AT1
gjehholo-1,AT2,0.4774,0.1091,Distal epithelium
habkekij-1,AT2,0.4719,0.0625,Multiciliated
hableimc-1,Goblet,0.3454,0.0265,Basal
hachbebf-1,Multiciliated,0.5243,0.0952,Goblet
hahbongk-1,Goblet,0.4298,0.0297,Airway smooth muscle
haibcgae-1,AT2,0.3534,0.0145,Distal epithelium
hamelpij-1,Multiciliated,0.2646,0.0053,Goblet
haogpjof-1,Distal epithelium,0.3299,0.0392,Airway smooth muscle
haommoio-1,Goblet,0.4057,0.0503,Multiciliated
hckaaffc-1,AT2,0.5671,0.1314,Secretory
hclcjkkf-1,AT2,0.4484,0.0196,AT1
hcldcdlk-1,AT2,0.4634,0.1186,Multiciliated
hclejian-1,AT2,0.2528,0.0909,Distal epithelium
hclgbmha-1,AT2,0.4586,0.0744,AT1
hclgfike-1,AT2,0.4766,0.1025,Lymphatic EC
hclgnbce-1,AT2,0.497,0.0768,T/NK cells
hclhmfic-1,AT2,0.5067,0.1261,AT1
hclhnfff-1,AT2,0.4548,0.1487,T/NK cells
hcljpcea-1,AT2,0.5379,0.2634,Distal epithelium
hclmgopo-1,AT2,0.3929,0.1264,Goblet
hclongkl-1,AT2,0.4464,0.0631,AT1
hclpbbme-1,AT2,0.3687,0.1173,Multiciliated
hclphbcn-1,AT2,0.5512,0.0974,AT1
hclphfck-1,AT2,0.5404,0.1373,AT1
hclphhle-1,AT2,0.4482,0.1656,AT1
hclphlpk-1,AT2,0.5719,0.0598,Distal epithelium
hcmcgglh-1,Alveolar macrophages,0.3505,0.1358,Interstitial macrophages
hcmdbpem-1,AT2,0.5244,0.0636,Distal epithelium
hcmdfkch-1,AT1,0.463,0.0024,AT2
hcmhhcgb-1,AT2,0.5126,0.1373,Distal epithelium
hcmhipgp-1,AT2,0.5535,0.0944,AT1
hcmhjddg-1,AT2,0.5344,0.0573,Distal epithelium
hcmhpjge-1,AT2,0.4188,0.1179,Distal epithelium
hcmjepml-1,AT2,0.6191,0.1452,Distal epithelium
hcmkjdnm-1,AT2,0.6158,0.1464,AT1
hcmlkbgh-1,AT2,0.5014,0.1237,AT1
hcmmfmcb-1,AT2,0.3899,0.047,Distal epithelium
hcmmfpeg-1,AT2,0.4795,0.062,AT1
hcmokgfl-1,Alveolar fibroblasts,0.4829,0.0214,AT2
hcmpfpkn-1,AT2,0.5729,0.1344,Distal epithelium
hcndfggm-1,AT2,0.6354,0.1645,Distal epithelium
hcndldbf-1,AT2,0.5833,0.1118,Distal epithelium
hcnejmlp-1,AT2,0.5844,0.1472,AT1
hcneokmh-1,AT2,0.4827,0.0684,Distal epithelium
hcnfacjl-1,AT2,0.2659,0.0039,AT1
hcnglmnp-1,AT2,0.5036,0.0719,Distal epithelium
hcngmhhh-1,AT2,0.6916,0.1493,AT1
hcngnmdl-1,AT2,0.6479,0.111,Distal epithelium
hcnkdmfo-1,AT2,0.4298,0.0744,Distal epithelium
hcnojgia-1,AT2,0.5118,0.0285,AT1
hcoacjfk-1,AT2,0.4192,0.0064,AT1
hcoahlef-1,AT2,0.5956,0.1014,AT1
hcoepjgo-1,AT2,0.5868,0.1166,AT1
hcofalof-1,AT2,0.6091,0.0322,AT1
hcohjcdf-1,AT2,0.5329,0.086,AT1
hcohjdom-1,AT2,0.5853,0.1383,Multiciliated
hcokcocl-1,AT2,0.5672,0.1152,Distal epithelium
hcomjbnh-1,AT2,0.5846,0.1332,Distal epithelium
hconmlpi-1,AT2,0.4186,0.0407,Distal epithelium
hcoobeee-1,AT2,0.5422,0.0211,AT1
hcopmenb-1,AT2,0.5254,0.1787,T/NK cells
hcpfjbon-1,AT2,0.4958,0.0772,AT1
hcpfjegi-1,AT2,0.4891,0.1478,AT1
hcphoaji-1,AT2,0.4652,0.1077,Multiciliated
hcpjnhla-1,AT2,0.4992,0.1972,T/NK cells
hcpkfpak-1,AT2,0.4951,0.117,Distal epithelium
hcpkgfcg-1,AT2,0.3518,0.0198,Distal epithelium
hcpkkgaj-1,AT2,0.5719,0.0498,AT1
hcpklghc-1,AT1,0.4994,0.0374,AT2
hcpmeiab-1,AT2,0.4668,0.0989,Distal epithelium
hdabnhac-1,AT2,0.5455,0.078,AT1
hdabokpl-1,AT2,0.4947,0.0575,T/NK cells
hdacggkg-1,AT2,0.4994,0.148,Distal epithelium
hdaciodj-1,AT2,0.3988,0.0769,Airway smooth muscle
hdaclioh-1,AT2,0.5948,0.2044,Multiciliated
hdafggog-1,AT2,0.4412,0.0874,AT1
hdafoekk-1,AT1,0.3649,0.0507,AT2
hdalioge-1,AT2,0.716,0.2362,Distal epithelium
hdapjbhm-1,AT2,0.6105,0.2252,Multiciliated
hdappcig-1,AT2,0.5841,0.0991,Distal epithelium
hdbedfcd-1,AT2,0.3476,0.0261,T/NK cells
hdbfbkog-1,T/NK cells,0.3239,0.0146,Pericytes
hdbikjli-1,AT2,0.6081,0.0896,AT1
hdbjohij-1,AT2,0.4621,0.1407,Airway smooth muscle
hdbkemel-1,AT2,0.5123,0.197,Distal epithelium
hdbkpekg-1,AT2,0.6285,0.0907,AT1
hdblanmd-1,AT2,0.4787,0.1164,Distal epithelium
hdblobjh-1,Alveolar fibroblasts,0.5155,0.072,Airway smooth muscle
hdbmmdej-1,AT2,0.4958,0.1102,Distal epithelium
hdbnekaf-1,AT2,0.535,0.1033,AT1
hdcbnajh-1,AT2,0.7253,0.1962,AT1
hdcclfke-1,AT2,0.5289,0.1795,AT1
hdceakok-1,AT2,0.5288,0.0884,Multiciliated
hdceddkm-1,AT2,0.6785,0.1006,AT1
hdcfipen-1,AT2,0.6439,0.1255,Distal epithelium
hdcgiiaj-1,AT2,0.7193,0.2116,AT1
hdchffbc-1,AT2,0.6926,0.2529,Distal epithelium
hdciaadh-1,AT2,0.5835,0.1183,Distal epithelium
hdciofee-1,AT2,0.4934,0.2056,AT1
hdcjcnia-1,AT2,0.4109,0.0634,Distal epithelium
hdcjiako-1,AT2,0.6603,0.1694,AT1
hdckbkph-1,AT2,0.4383,0.1537,AT1
hdcljofi-1,AT2,0.4715,0.1225,AT1
hdcmfakp-1,AT2,0.6512,0.1523,Distal epithelium
hdcmjdde-1,AT2,0.2454,0.0201,AT1
hdcnklkl-1,AT2,0.6379,0.2644,AT1
hdcoihnk-1,AT2,0.5729,0.1865,Goblet
hddahkci-1,AT2,0.4683,0.1289,Distal epithelium
hddalhpj-1,AT2,0.6575,0.2381,AT1
hddcjjdf-1,AT2,0.5035,0.1762,AT1
hddckhkc-1,AT2,0.6672,0.1862,Distal epithelium
hdddaeom-1,AT2,0.6186,0.1829,Distal epithelium
hdddalbe-1,AT2,0.5064,0.1169,Distal epithelium
hdddglco-1,AT2,0.6533,0.1275,AT1
hddeeokk-1,AT2,0.6549,0.1578,Distal epithelium
hddhddee-1,AT2,0.5287,0.1926,AT1
hddindpk-1,AT2,0.6481,0.2078,Distal epithelium
hddjefbf-1,AT2,0.6231,0.1285,AT1
hddjlalh-1,AT2,0.5745,0.1304,Distal epithelium
hddkmgjg-1,AT2,0.6804,0.1758,Distal epithelium
hddlfeba-1,AT2,0.6415,0.1836,Distal epithelium
hddlfkeb-1,AT2,0.2642,0.0401,T/NK cells
hddlhmmo-1,AT2,0.5398,0.0762,Distal epithelium
hddmcpgh-1,AT2,0.6986,0.1842,AT1
hddpdolj-1,AT2,0.4638,0.0926,AT1
hddpkaje-1,AT2,0.5907,0.1425,Distal epithelium
hdebmaoh-1,AT2,0.6352,0.1137,Distal epithelium
hdebndce-1,AT2,0.3972,0.0291,Alveolar fibroblasts
hdedgaak-1,AT2,0.6449,0.2644,Multiciliated
hdefleld-1,AT2,0.4338,0.0218,Alveolar fibroblasts
hdeflkem-1,AT2,0.343,0.0347,Distal epithelium
hdefnfgj-1,AT2,0.3659,0.0671,AT1
hdegcmnb-1,AT2,0.5922,0.0736,AT1
hdejhhoe-1,AT2,0.5802,0.0423,AT1
hdembkbc-1,AT2,0.6252,0.0846,AT1
hdeocahk-1,AT2,0.4794,0.0425,Multiciliated
hdeohkbp-1,AT2,0.6425,0.1486,AT1
hdeojpop-1,AT2,0.3407,0.0246,T/NK cells
hdeopfdm-1,AT2,0.7149,0.2059,AT1
hdfipjdl-1,AT2,0.5012,0.1677,Distal epithelium
hdfldfel-1,EC venous,0.4614,0.0026,EC aerocyte capillary
hdfobceb-1,AT2,0.3664,0.076,Goblet
hdfoppjg-1,AT2,0.488,0.2282,Multiciliated
hdgabdpd-1,AT2,0.4957,0.157,Distal epithelium
hdgcaehb-1,AT2,0.5529,0.1534,Distal epithelium
hdgcaipk-1,AT2,0.4679,0.0796,Alveolar fibroblasts
hdgdgmfe-1,AT2,0.5546,0.1444,Distal epithelium
hdgfobgd-1,AT2,0.549,0.088,T/NK cells
hdgfpibj-1,AT2,0.488,0.0822,AT1
hdgkbhpe-1,AT2,0.2805,0.065,AT1
hdgkkjke-1,Alveolar fibroblasts,0.4428,0.0285,AT2
hdgpgmhg-1,AT2,0.5609,0.1281,AT1
hdhcckbk-1,AT2,0.4515,0.1299,Distal epithelium
hdhddecj-1,AT2,0.5117,0.069,AT1
hdheblho-1,AT2,0.5489,0.0868,Distal epithelium
hdhedcga-1,AT2,0.4927,0.1294,Distal epithelium
hdhgaakc-1,AT2,0.5133,0.1445,Distal epithelium
hdhjcfpg-1,AT2,0.4929,0.079,AT1
hdhlokdf-1,AT2,0.4579,0.0293,Multiciliated
hdhnljim-1,AT2,0.3646,0.0284,Distal epithelium
hdhocnfj-1,AT2,0.5067,0.1128,AT1
hdihfeba-1,AT2,0.4549,0.1057,Distal epithelium
hdipgjpo-1,AT2,0.6949,0.1865,Distal epithelium
hdjbcage-1,AT2,0.3264,0.0885,Multiciliated
hdjcfmbo-1,AT2,0.5844,0.1294,T/NK cells
hdjcgkgp-1,AT2,0.5702,0.1486,AT1
hdjcjehi-1,AT2,0.3325,0.1236,Multiciliated
hdkimfpk-1,AT1,0.3106,0.0007,Multiciliated
hdkjiakj-1,AT2,0.3913,0.0475,AT1
hdkkclod-1,EC general capillary,0.1724,0.0213,EC aerocyte capillary
hdkkemek-1,AT2,0.6371,0.012,AT1
hdkkgakh-1,AT2,0.4793,0.1094,Distal epithelium
hdkloijg-1,AT2,0.3956,0.0244,AT1
hdlafeod-1,AT2,0.3843,0.0031,Alveolar fibroblasts
hdlahhee-1,AT2,0.3526,0.0037,AT1
hdldelgk-1,AT2,0.5677,0.0907,AT1
hdlhbjcj-1,AT2,0.3612,0.0296,Distal epithelium
hdlhnmkj-1,AT2,0.4908,0.0047,AT1
hdlicfem-1,AT2,0.5248,0.0969,AT1
hdlocgca-1,AT2,0.662,0.257,AT1
hdlofkmn-1,AT2,0.4143,0.0126,AT1
hdlpclmk-1,AT2,0.5019,0.1655,AT1
hdlpfhep-1,AT2,0.5367,0.1019,AT1
hdlpjemi-1,AT2,0.4922,0.1407,Distal epithelium
hdmcjamg-1,AT2,0.5441,0.0868,AT1
hdmcpkfk-1,AT2,0.5116,0.0658,AT1
hdmdijog-1,AT2,0.431,0.0665,Distal epithelium
hdmgjiia-1,AT2,0.5511,0.1064,AT1
hdmmdndg-1,AT2,0.5033,0.1399,AT1
hdmnanoj-1,AT2,0.4451,0.0156,AT1
hdmogigg-1,AT2,0.5377,0.0657,AT1
hdndfepf-1,AT1,0.427,0.0423,AT2
hdndffaj-1,AT2,0.4676,0.0403,AT1
hdndokbb-1,AT2,0.4205,0.0865,Distal epithelium
hdoogcnd-1,AT2,0.5456,0.0506,AT1
hdopecgg-1,AT2,0.3619,0.0571,Alveolar fibroblasts
hdopmnkg-1,AT1,0.5375,0.0318,AT2
hdpanmnh-1,AT2,0.5529,0.0752,AT1
hdpanohe-1,AT2,0.5123,0.0055,AT1
hdpbdfpd-1,AT2,0.3338,0.0529,AT1
hdpbojnm-1,AT2,0.2538,0.0429,AT1
hdpdhbon-1,AT1,0.4757,0.0283,AT2
hdpdomai-1,AT2,0.5177,0.0649,AT1
hdpjijll-1,AT2,0.5342,0.1193,AT1
hdpjjdhd-1,AT2,0.591,0.151,AT1
hdpmilcd-1,AT2,0.5515,0.0824,AT1
hdpogeab-1,AT2,0.5806,0.1368,AT1
heacikhi-1,AT1,0.5486,0.0628,AT2
headddbm-1,AT2,0.4481,0.0728,Distal epithelium
heaejcbn-1,AT2,0.4002,0.1236,AT1
heafmimb-1,AT2,0.4067,0.0874,AT1
heagcelm-1,AT2,0.4234,0.0422,Distal epithelium
heagemcj-1,Distal epithelium,0.3272,0.0183,AT2
heahfboi-1,AT2,0.4623,0.05,Goblet
heahflif-1,AT2,0.4032,0.087,AT1
heaibpcg-1,Distal epithelium,0.5621,0.0357,AT2
heaidbod-1,AT2,0.4451,0.0611,AT1
heaimfdh-1,AT2,0.5526,0.088,AT1
heajhlbi-1,AT2,0.3295,0.0387,AT1
heajjgef-1,AT2,0.5619,0.116,Distal epithelium
heakeglg-1,AT2,0.4096,0.126,Goblet
heamboea-1,AT2,0.4723,0.0915,Distal epithelium
heamepbk-1,Alveolar fibroblasts,0.3217,0.008,Distal epithelium
heaohikd-1,AT2,0.3136,0.0203,Multiciliated
hebbckjm-1,AT2,0.5207,0.1025,AT1
hebclbba-1,AT2,0.2789,0.0165,Distal epithelium
hebdfhcl-1,AT2,0.3763,0.0146,AT1
hebhibac-1,AT2,0.5085,0.123,Distal epithelium
hebjmnej-1,AT1,0.5719,0.0194,AT2
hebmhcpd-1,AT2,0.5021,0.09,AT1
hebmimae-1,Airway smooth muscle,0.2714,0.0258,Alveolar fibroblasts
hebnpepg-1,AT2,0.525,0.125,Distal epithelium
hebpgebk-1,AT2,0.4844,0.0632,Distal epithelium
hebpgphb-1,AT2,0.5156,0.1781,AT1
hebphegk-1,AT2,0.5345,0.0141,AT1
heceihaj-1,AT2,0.544,0.1406,Distal epithelium
hecfcjal-1,AT2,0.5402,0.0704,AT1
hecgddob-1,Alveolar fibroblasts,0.3745,0.0391,Airway smooth muscle
hecoocbb-1,AT2,0.5513,0.0921,Airway smooth muscle
hedahoag-1,AT2,0.4407,0.014,AT1
hedbbljh-1,AT2,0.4755,0.0502,AT1
hedbekkm-1,AT2,0.6225,0.1124,AT1
hedcecli-1,AT2,0.6021,0.1661,Distal epithelium
heddjahc-1,AT2,0.4951,0.0058,AT1
hedfecag-1,AT2,0.4955,0.0679,AT1
hedikahd-1,AT2,0.4919,0.0807,AT1
hediladn-1,AT2,0.3645,0.0389,AT1
hedioohn-1,AT2,0.5266,0.1245,AT1
hedkbnmd-1,AT2,0.6049,0.0558,AT1
hedkpbia-1,AT2,0.5552,0.125,AT1
hedlfcfc-1,Alveolar fibroblasts,0.5701,0.053,Airway smooth muscle
hednbdnh-1,AT2,0.5274,0.073,Distal epithelium
hedogdcf-1,AT2,0.3026,0.0438,Lymphatic EC
hedpdicl-1,AT2,0.5868,0.1607,AT1
heeaceah-1,Alveolar fibroblasts,0.5679,0.0556,Distal epithelium
heeceeha-1,AT1,0.3528,0.0585,AT2
heecohda-1,AT2,0.3987,0.0541,AT1
heegmdig-1,AT2,0.5373,0.0458,Distal epithelium
heeomhjo-1,AT2,0.5346,0.0294,AT1
hefailnc-1,EC venous,0.5831,0.0449,AT2
hefghfen-1,AT2,0.559,0.0629,AT1
hefidgjh-1,AT2,0.4588,0.1376,AT1
hefkfbfp-1,AT2,0.562,0.0714,Distal epithelium
heflcojc-1,AT2,0.5086,0.0694,AT1
heflibjl-1,AT2,0.5239,0.0912,Distal epithelium
hefmajcc-1,AT2,0.4478,0.0561,Distal epithelium
hefmpgll-1,AT2,0.4346,0.0978,Distal epithelium
hefnagai-1,AT2,0.5919,0.1583,Distal epithelium
hefnaoba-1,AT2,0.5265,0.1061,Airway smooth muscle
hefoochi-1,AT2,0.4666,0.0363,Distal epithelium
hegbhmpc-1,AT2,0.5194,0.1182,T/NK cells
hegndfha-1,AT2,0.4431,0.1154,Distal epithelium
hehcdjbl-1,AT2,0.4934,0.035,AT1
hehcnacc-1,T/NK cells,0.4201,0.0236,AT2
hehgaboe-1,AT2,0.5378,0.119,AT1
hehgeeea-1,AT2,0.2881,0.022,AT1
hehggmee-1,AT2,0.5301,0.0107,AT1
hehgielm-1,AT2,0.5663,0.1288,AT1
hehgnjeg-1,AT2,0.4285,0.0031,Airway smooth muscle
hehkhoda-1,AT2,0.5159,0.0705,AT1
hehkijjl-1,AT2,0.5868,0.1887,AT1
hehnchch-1,AT2,0.5964,0.1215,AT1
heidbhff-1,AT1,0.6321,0.1128,AT2
heidlmlf-1,AT2,0.3059,0.0536,AT1
heihdini-1,AT2,0.5004,0.0491,AT1
heihkhob-1,AT2,0.541,0.0671,AT1
heihpfbp-1,AT2,0.539,0.1241,Distal epithelium
heiihjmb-1,AT2,0.6102,0.1721,Distal epithelium
heiihjpk-1,AT2,0.4705,0.1338,Distal epithelium
heioajkj-1,AT2,0.5537,0.1332,Multiciliated
hejbgcjm-1,AT2,0.6227,0.1841,AT1
hejegfcm-1,AT2,0.4415,0.1061,Distal epithelium
hejgajnk-1,AT2,0.6503,0.1177,Distal epithelium
hejhggfe-1,AT2,0.4886,0.1352,Distal epithelium
hejmajfl-1,AT2,0.5398,0.0539,Distal epithelium
hejmmakp-1,AT2,0.4541,0.0206,AT1
hejmnjep-1,AT2,0.4936,0.1521,AT1
hejnacfk-1,AT2,0.5229,0.1835,Multiciliated
hejncjia-1,AT2,0.5351,0.1379,AT1
hekalkbi-1,AT2,0.4307,0.0351,AT1
hekanmlh-1,AT2,0.4149,0.1443,AT1
hekaokjc-1,AT2,0.5131,0.0676,Distal epithelium
hekfcjbj-1,AT1,0.5774,0.0212,AT2
hekfjkfm-1,Distal epithelium,0.5242,0.0048,AT2
hekfnofg-1,AT2,0.3554,0.1099,Distal epithelium
hekhbnej-1,AT2,0.6,0.125,AT1
hekibnig-1,AT2,0.559,0.1585,AT1
hekihnoc-1,AT2,0.5024,0.1028,Distal epithelium
hekjjmej-1,AT2,0.477,0.0713,AT1
hekkdbpk-1,AT2,0.4895,0.0969,Distal epithelium
hekomjen-1,AT2,0.2573,0.0246,Distal epithelium
hekopcpc-1,AT2,0.5552,0.1441,AT1
hekopfni-1,Alveolar fibroblasts,0.4144,0.0223,Airway smooth muscle
hekpoojf-1,AT1,0.3528,0.1345,Distal epithelium
helacfbe-1,Secretory,0.4558,0.0221,AT2
helajeel-1,AT2,0.4658,0.1681,AT1
helajple-1,AT2,0.4108,0.1156,Distal epithelium
helalnoa-1,AT2,0.3508,0.0288,AT1
helbggnc-1,AT2,0.4768,0.0777,Distal epithelium
helbginl-1,AT2,0.3877,0.0614,AT1
helecgkj-1,AT2,0.3766,0.1005,AT1
hellojbg-1,AT2,0.1455,0.0248,Goblet
hemfncfh-1,AT2,0.5285,0.1065,Distal epithelium
hemiecog-1,AT2,0.4438,0.0129,AT1
hemifncl-1,AT2,0.5844,0.1644,Distal epithelium
hemlaagf-1,AT2,0.5451,0.0776,Distal epithelium
henadaka-1,AT2,0.4543,0.0241,Distal epithelium
hencafdm-1,AT2,0.3633,0.0072,Distal epithelium
henemhbh-1,AT2,0.4295,0.054,AT1
henhbjgf-1,AT2,0.5806,0.1765,AT1
henhdlbg-1,AT2,0.3105,0.0079,Multiciliated
henikhhd-1,AT2,0.538,0.1611,Goblet
heoapjfm-1,AT2,0.4389,0.0574,Distal epithelium
heockefp-1,AT2,0.531,0.1061,AT1
heodedmh-1,AT2,0.4327,0.1233,Goblet
heofoenb-1,AT2,0.4605,0.0912,AT1
heogenhi-1,AT2,0.5201,0.0593,AT1
heoglkdl-1,AT2,0.3762,0.0459,AT1
heolflgg-1,AT2,0.4457,0.0683,Distal epithelium
hepdhokp-1,AT1,0.2323,0.0049,AT2
hepdikkp-1,AT2,0.4147,0.1484,AT1
hepdpnlh-1,AT1,0.4507,0.0081,AT2
hephidil-1,AT2,0.5912,0.1487,Distal epithelium
hepibldb-1,AT2,0.5146,0.0749,Distal epithelium
hepilebp-1,AT2,0.6085,0.1257,AT1
heplbajb-1,AT2,0.6003,0.1387,AT1
heplifom-1,AT1,0.4578,0.014,AT2
heplohbk-1,AT2,0.446,0.0413,Distal epithelium
hepmbllc-1,AT2,0.5539,0.1074,AT1
hepnijnm-1,AT2,0.5283,0.1445,AT1
hepnilii-1,AT1,0.4801,0.0344,AT2
hepnkgia-1,AT2,0.4125,0.0153,AT1
heppkijk-1,AT2,0.4121,0.0581,AT1
hfabipia-1,AT2,0.6327,0.0622,AT1
hfabjfoi-1,AT2,0.4145,0.0335,AT1
hfaeapnl-1,AT2,0.4903,0.2026,AT1
hfaglapb-1,Distal epithelium,0.4365,0.0272,AT2
hfaiofga-1,AT2,0.492,0.0685,AT1
hfajejob-1,AT2,0.4401,0.0985,Distal epithelium
hfajfmag-1,AT2,0.4321,0.0311,AT1
hfamdfkd-1,AT2,0.4234,0.1305,Distal epithelium
hfbablcn-1,Alveolar fibroblasts,0.6074,0.0361,Airway smooth muscle
hfbbmcmg-1,AT2,0.4819,0.0933,Alveolar fibroblasts
hfbdaeed-1,AT2,0.4255,0.1058,Distal epithelium
hfbfgoof-1,AT1,0.3373,0.0053,AT2
hgbipiao-1,AT2,0.4493,0.0825,T/NK cells
hgnbnakb-1,AT2,0.533,0.2014,AT1
hhdocgan-1,AT2,0.6076,0.1748,Distal epithelium
hheacnod-1,AT2,0.7639,0.2594,Distal epithelium
hhedjkpn-1,AT2,0.518,0.1496,Interstitial macrophages
hhedpgld-1,AT2,0.6918,0.1673,Distal epithelium
hhefbgpg-1,AT2,0.6885,0.1512,Distal epithelium
hhefgghn-1,AT2,0.737,0.1509,Distal epithelium
hheggnif-1,AT2,0.6599,0.1788,Distal epithelium
hhelddgl-1,AT2,0.6467,0.1799,Goblet
hhembdkd-1,AT2,0.6593,0.0547,AT1
hhenmdgf-1,AT2,0.7997,0.2142,AT1
hheoaokm-1,AT2,0.4957,0.0883,Distal epithelium
hheobiam-1,AT2,0.6457,0.2392,AT1
hheoefgn-1,AT2,0.6292,0.2057,Distal epithelium
hheoehbm-1,AT2,0.6812,0.1726,AT1
hheomlkf-1,AT2,0.4994,0.1786,Distal epithelium
hhfafhgm-1,AT2,0.6208,0.0839,AT1
hhfalado-1,AT2,0.5542,0.1446,Distal epithelium
hhfamppo-1,AT2,0.7067,0.1304,Distal epithelium
hhhdledj-1,AT2,0.6474,0.2226,Distal epithelium
hhhffbbe-1,Distal epithelium,0.3512,0.0062,AT2
hhhfkhdp-1,AT2,0.6339,0.0555,Distal epithelium
hhhfniog-1,AT2,0.5907,0.097,Distal epithelium
hhiccime-1,AT2,0.6827,0.2266,AT1
hhicphaf-1,AT2,0.4253,0.0877,Multiciliated
hhidgimm-1,AT2,0.6354,0.2243,Goblet
hhidgkdh-1,AT2,0.6069,0.1089,Goblet
hhjfakmh-1,AT2,0.5771,0.1643,Distal epithelium
hhjicdih-1,AT2,0.6098,0.132,Distal epithelium
hhjkmghp-1,AT2,0.4839,0.2272,Distal epithelium
hhjkodfi-1,AT2,0.6887,0.1626,Distal epithelium
hhjlmekn-1,AT2,0.5425,0.0782,Goblet
hhjlmlnf-1,AT2,0.6119,0.2463,Goblet
hhjmddeo-1,AT2,0.5625,0.1458,Goblet
hhjoanll-1,AT2,0.4955,0.0604,AT1
hhkcfkmk-1,AT2,0.7397,0.1444,Distal epithelium
hhkfhhmb-1,AT2,0.4108,0.1186,AT1
hhkhamfh-1,Alveolar fibroblasts,0.6489,0.0737,Airway smooth muscle
hhkibaoa-1,AT2,0.7291,0.1863,AT1
hhkjogho-1,AT2,0.5588,0.0793,EC venous
hhkkijpi-1,AT2,0.7245,0.2874,Distal epithelium
hhkmpieh-1,AT2,0.5164,0.1808,AT1
hhlbcdoo-1,AT2,0.7231,0.2297,Multiciliated
hhldhelp-1,AT2,0.6291,0.1833,Distal epithelium
hhlgjgja-1,AT2,0.6267,0.2264,Multiciliated
hhlgkkln-1,AT2,0.7486,0.1765,AT1
hhlgmjdg-1,AT2,0.6663,0.1144,Distal epithelium
hhljfabk-1,AT2,0.7459,0.2065,Distal epithelium
hhlkocdl-1,AT2,0.7922,0.2166,AT1
hhllbbda-1,Lymphatic EC,0.294,0.0004,AT2
hhllfjmh-1,AT2,0.6742,0.1839,AT1
hhlmgjca-1,AT2,0.6387,0.161,AT1
hhlmgloo-1,AT2,0.5527,0.1817,AT1
hhlncgha-1,AT2,0.6747,0.2055,Distal epithelium
hhlpgbmh-1,Alveolar fibroblasts,0.4812,0.0359,AT2
hhmcaekc-1,AT2,0.7456,0.1439,AT1
hhmegnbe-1,AT2,0.4021,0.0589,Goblet
hhmeiioo-1,AT2,0.7394,0.1968,AT1
hhmejmif-1,AT2,0.3586,0.0913,Goblet
hhmekodm-1,AT2,0.6129,0.1372,Distal epithelium
hhmfpejk-1,AT2,0.6903,0.1441,Distal epithelium
hhmgebkc-1,AT2,0.4959,0.0985,Distal epithelium
hhmjjloa-1,AT2,0.4473,0.0318,T/NK cells
hhmjmhfj-1,AT2,0.5802,0.115,Goblet
hhmnmafg-1,AT2,0.6463,0.221,Distal epithelium
hhmoddfi-1,AT2,0.5336,0.1453,Multiciliated
hhmpnilb-1,AT2,0.608,0.1028,AT1
hhnacjcd-1,AT2,0.6178,0.1625,AT1
hhncbmak-1,AT2,0.5292,0.072,AT1
hhncfnnb-1,AT2,0.5487,0.0796,AT1
hhncgenh-1,AT2,0.4049,0.1973,AT1
hhnckocb-1,AT2,0.4218,0.1743,Alveolar fibroblasts
hhnfddac-1,AT2,0.606,0.2003,Goblet
hhnhbmnn-1,EC venous,0.5356,0.0178,EC aerocyte capillary
hhnhdbpa-1,AT2,0.624,0.1371,AT1
hhnhjddh-1,AT2,0.4879,0.1006,AT1
hhnihhfb-1,AT2,0.5321,0.076,Multiciliated
hhnjgdkk-1,AT2,0.591,0.147,AT1
hhnjpgcp-1,AT2,0.7121,0.2397,Distal epithelium
hhnnjlga-1,AT2,0.4993,0.1057,AT1
hhnnkfja-1,AT2,0.362,0.0604,Goblet
hhoahdea-1,AT2,0.5601,0.1126,AT1
hhoaiggj-1,AT2,0.4632,0.0998,AT1
hhobgnbk-1,AT2,0.5338,0.1033,AT1
hhodplla-1,AT2,0.7041,0.1909,Distal epithelium
hhogolka-1,AT2,0.5825,0.0048,Distal epithelium
hhohabli-1,AT2,0.5919,0.0627,AT1
hhohmpjm-1,AT2,0.5882,0.1704,AT1
hhoipenb-1,Airway smooth muscle,0.5278,0.0468,Alveolar fibroblasts
hhoklnph-1,AT2,0.4933,0.1032,AT1
hhoodcfc-1,AT2,0.6102,0.1841,AT1
hhopcidn-1,AT2,0.5911,0.1014,AT1
hhopeanb-1,AT2,0.6397,0.0104,AT1
hhopeape-1,AT2,0.6336,0.1505,AT1
hhpaddph-1,AT2,0.733,0.223,AT1
hhpadhgn-1,AT2,0.5868,0.0484,Distal epithelium
hhpcmlha-1,AT2,0.5151,0.0687,AT1
hhpdnimm-1,AT2,0.6641,0.0681,AT1
hhpeocbl-1,AT2,0.5949,0.0712,AT1
hhpfcfod-1,AT2,0.606,0.1156,AT1
hhpgimai-1,AT2,0.4108,0.0878,AT1
hhphbkfd-1,AT2,0.5701,0.1969,Basal
hhpjfjdl-1,AT1,0.626,0.0156,AT2
hhpkfbpg-1,AT2,0.621,0.2437,AT1
hhpljjbi-1,Goblet,0.331,0.0125,AT1
hhpoablh-1,AT2,0.5373,0.1949,AT1
hhpomfcg-1,AT2,0.5713,0.0866,AT1
hhpomiai-1,AT2,0.565,0.0961,Distal epithelium
hhpophbb-1,AT2,0.6982,0.14,AT1
hiabmeeo-1,AT2,0.503,0.0174,EC aerocyte capillary
hiadakii-1,AT2,0.3868,0.0432,AT1
hiadgobm-1,AT2,0.4754,0.0455,Goblet
hiadneol-1,AT2,0.6482,0.0373,Distal epithelium
hiafbkbj-1,AT2,0.6246,0.1505,Goblet
hiafilnm-1,Alveolar fibroblasts,0.5702,0.0671,AT2
hiafohhj-1,AT2,0.6472,0.1488,AT1
hiajedch-1,AT1,0.5894,0.023,AT2
hiajiidn-1,AT2,0.6726,0.133,AT1
hialnnao-1,AT2,0.7111,0.1792,AT1
hianideo-1,AT2,0.5743,0.1807,AT1
hiaodmef-1,AT2,0.5019,0.0605,T/NK cells
hiaoepah-1,AT2,0.6651,0.1195,Distal epithelium
hiapoheg-1,AT1,0.6136,0.0107,AT2
hibajlnc-1,AT2,0.6102,0.0694,T/NK cells
hibaklab-1,AT2,0.5712,0.1367,Goblet
hibckiod-1,AT2,0.4854,0.0067,EC aerocyte capillary
hibeoken-1,AT2,0.6579,0.1476,AT1
hibgkaol-1,AT2,0.6451,0.1297,AT1
hibgklke-1,AT2,0.5265,0.125,Distal epithelium
hibgmfho-1,AT2,0.4281,0.1105,AT1
hibhcogm-1,AT2,0.485,0.0887,AT1
hibhghbd-1,AT2,0.637,0.247,Multiciliated
hibipepk-1,AT2,0.6705,0.1942,AT1
hibjgeah-1,AT2,0.5905,0.0525,AT1
hibjgpmb-1,AT2,0.4188,0.0081,AT1
hibjpckb-1,AT2,0.6492,0.1594,Distal epithelium
hibkjlac-1,AT2,0.7412,0.2066,AT1
hiblgflc-1,AT2,0.6402,0.1849,Multiciliated
hibokpbn-1,AT2,0.6457,0.1862,AT1
hibolpcp-1,AT2,0.5925,0.1988,Goblet
hicaehpd-1,AT2,0.4653,0.0054,Airway smooth muscle
hicanfja-1,AT2,0.6635,0.1821,AT1
hicbghjh-1,AT2,0.565,0.1556,Distal epithelium
hicbhnci-1,AT2,0.3659,0.0895,Distal epithelium
hiceifkm-1,AT2,0.5368,0.0935,AT1
hicenhlc-1,AT2,0.6601,0.1544,AT1
hicgidbe-1,AT2,0.4496,0.1789,Distal epithelium
hichhbei-1,AT2,0.6015,0.1143,AT1
hicinnkj-1,AT2,0.5168,0.1379,AT1
hicjchii-1,AT2,0.5536,0.0772,Distal epithelium
hicpmodb-1,AT2,0.621,0.1728,Distal epithelium
hicpndpm-1,AT2,0.6691,0.1321,AT1
hidhbcaa-1,AT2,0.6847,0.1357,AT1
hidibkoo-1,AT1,0.4399,0.04,AT2
hidjggha-1,AT2,0.5672,0.1599,Distal epithelium
hidjnaic-1,AT2,0.5949,0.1839,Multiciliated
hidkkbcc-1,AT2,0.579,0.0944,AT1
hidojhic-1,AT2,0.7273,0.1869,AT1
hieahepb-1,AT2,0.7209,0.213,AT1
hiebecnd-1,AT2,0.4977,0.1336,AT1
hiebgdem-1,AT2,0.5814,0.0735,Distal epithelium
hiebiecd-1,AT2,0.6278,0.1479,Distal epithelium
hiehdoho-1,AT2,0.63,0.1874,Goblet
hieigplf-1,AT2,0.5907,0.1448,Goblet
hiekdfdj-1,AT2,0.3633,0.0696,Distal epithelium
hiekencf-1,AT2,0.5346,0.1429,Multiciliated
hieklldc-1,AT2,0.617,0.2255,Multiciliated
hielfecf-1,AT2,0.6224,0.0589,Alveolar fibroblasts
hielgaao-1,AT2,0.5736,0.1731,Distal epithelium
hielkfad-1,AT2,0.4436,0.0613,Airway smooth muscle
hiembnlo-1,AT2,0.6408,0.1332,Distal epithelium
hiemenic-1,AT2,0.5728,0.1395,AT1
hiemfbih-1,AT2,0.334,0.0267,Distal epithelium
hiemidgi-1,AT2,0.5595,0.1473,AT1
hienhaae-1,AT2,0.6383,0.0994,AT1
hieonjen-1,AT2,0.697,0.1849,Distal epithelium
hifeeakp-1,AT2,0.5898,0.1341,Goblet
hiffkkeo-1,AT2,0.6614,0.189,Distal epithelium
hifmpaek-1,AT2,0.562,0.1498,Distal epithelium
hifnbpgo-1,AT2,0.4696,0.1843,Distal epithelium
hifobddi-1,AT2,0.5005,0.0907,AT1
higbhndo-1,AT2,0.5058,0.0248,T/NK cells
higedpij-1,AT2,0.6247,0.2774,AT1
higeoffb-1,AT2,0.5619,0.0327,Alveolar fibroblasts
higeopci-1,AT2,0.5341,0.1598,AT1
himnnalm-1,Distal epithelium,0.3812,0.0068,Basal
hinjgjkm-1,AT2,0.4713,0.0721,Distal epithelium
hjidlhma-1,AT2,0.5562,0.1176,AT1
hjiinaja-1,AT1,0.3834,0.0098,AT2
hjiocdak-1,AT2,0.5325,0.1911,Multiciliated
hjjajkcp-1,AT2,0.5643,0.1589,AT1
hjjbelpb-1,AT2,0.4832,0.1204,Distal epithelium
hjjdhkhf-1,AT1,0.4273,0.0613,AT2
hjjdilpf-1,AT2,0.5587,0.1172,Distal epithelium
hjjeboel-1,AT2,0.5102,0.033,AT1
hjjedpld-1,AT2,0.5519,0.0812,AT1
hjjfdngm-1,AT2,0.545,0.1521,Distal epithelium
hjjhmnhi-1,AT2,0.608,0.1064,AT1
hjjimpoo-1,AT2,0.4301,0.0273,AT1
hjjiphle-1,AT1,0.4132,0.0428,AT2
hjjjgdaa-1,AT1,0.2836,0.0774,AT2
hjjjjgjk-1,AT2,0.5652,0.0234,AT1
hjjndplc-1,Multiciliated,0.3736,0.0417,AT2
hjjnekoo-1,AT2,0.4595,0.0196,AT1
hjjnfedn-1,AT2,0.323,0.0669,Distal epithelium
hjjnfkdf-1,AT2,0.3572,0.063,AT1
hjjpkjao-1,AT2,0.5246,0.1575,Distal epithelium
hjkbfcae-1,AT2,0.6136,0.171,AT1
hjkfoglh-1,AT2,0.533,0.0471,AT1
hjkijmhk-1,AT2,0.4948,0.069,Distal epithelium
hjkjgcbe-1,AT2,0.296,0.0518,Multiciliated
hjkjmldi-1,AT2,0.6021,0.0902,AT1
hjkkngdp-1,AT2,0.4037,0.0165,AT1
hjlblohn-1,AT1,0.4233,0.0136,AT2
hjlbogng-1,AT1,0.3383,0.0022,AT2
hjlcfdcf-1,AT2,0.6424,0.2012,AT1
hjlddbdj-1,AT2,0.5751,0.1581,AT1
hjllpakh-1,AT2,0.5892,0.143,AT1
hjmafkma-1,AT2,0.5422,0.0732,AT1
hjmcoklb-1,Alveolar fibroblasts,0.5307,0.0011,Airway smooth muscle
hjmppbbo-1,AT2,0.6128,0.1047,AT1
hjnajade-1,Airway smooth muscle,0.4951,0.0314,Alveolar fibroblasts
hjnaplcc-1,AT2,0.4228,0.1498,Distal epithelium
hjngokdh-1,AT2,0.5435,0.0346,AT1
hjngoloo-1,AT2,0.5193,0.1165,Distal epithelium
hjnhhepb-1,AT2,0.507,0.0175,Distal epithelium
hjnhpnnn-1,AT2,0.5541,0.0159,AT1
hjnldaem-1,AT2,0.5348,0.1246,Distal epithelium
hjnmkdfc-1,AT2,0.5533,0.0267,AT1
hjnoafbh-1,AT1,0.3923,0.0707,Distal epithelium
hjohakfo-1,AT1,0.4966,0.0137,AT2
hjohlmhh-1,AT2,0.577,0.1573,AT1
hjohopmo-1,AT2,0.5785,0.1546,AT1
hjpecpcp-1,AT2,0.5221,0.1665,Distal epithelium
hjpfoofc-1,AT2,0.4166,0.0989,T/NK cells
hjppbjkm-1,AT2,0.5463,0.1928,AT1
hjppdfle-1,AT1,0.4366,0.0182,AT2
hjppdknk-1,AT2,0.5859,0.0992,Distal epithelium
hkaaahkc-1,AT2,0.5472,0.0665,Distal epithelium
hkainnhk-1,AT2,0.5764,0.107,Distal epithelium
hkakjnif-1,AT1,0.4421,0.0168,AT2
hkannepl-1,AT2,0.5176,0.0793,Distal epithelium
hkaobcgd-1,AT2,0.5315,0.0009,AT1
hkbchmjc-1,AT1,0.3982,0.0063,AT2
hkbcikml-1,AT2,0.5167,0.0206,AT1
hkbdalfj-1,AT2,0.3398,0.096,AT1
hkcclnea-1,AT2,0.6883,0.1934,Distal epithelium
hkcedpel-1,Alveolar fibroblasts,0.553,0.01,Adventitial fibroblasts
hkcemndp-1,AT1,0.2946,0.0095,Airway smooth muscle
hkcghpon-1,AT2,0.5756,0.191,Distal epithelium
hkchfdhe-1,AT2,0.4945,0.0589,Multiciliated
hkchiklo-1,AT2,0.5467,0.0292,Distal epithelium
hkcliidf-1,AT2,0.5852,0.0971,AT1
hkcliola-1,Alveolar fibroblasts,0.592,0.0401,Airway smooth muscle
hkdkjaoc-1,AT2,0.6349,0.1671,AT1
hkdlkjci-1,AT2,0.5927,0.0413,AT1
hkdlppeb-1,AT2,0.5738,0.0251,AT1
hkdmahfe-1,AT2,0.6376,0.1882,Goblet
hkdmaifa-1,AT1,0.33,0.0203,AT2
hkdmbcoj-1,AT2,0.5409,0.095,AT1
hkdpkpkb-1,AT2,0.516,0.1125,Multiciliated
hkdplnng-1,AT2,0.5124,0.0213,AT1
hkebgbdm-1,AT2,0.5548,0.0981,AT1
hkebjabj-1,AT2,0.5033,0.1114,Multiciliated
hkeblnal-1,AT2,0.5785,0.0644,AT1
hkeceked-1,AT2,0.4326,0.0267,Distal epithelium
hkecgmke-1,AT2,0.6739,0.0962,AT1
hkeebnjj-1,AT2,0.5723,0.1381,AT1
hkeempfg-1,AT2,0.6301,0.1946,AT1
hkefhpmp-1,AT2,0.6718,0.1693,AT1
hkehipbb-1,AT2,0.461,0.0293,Distal epithelium
hkeipnep-1,AT2,0.5302,0.0496,AT1
hkekknji-1,AT2,0.5095,0.0489,AT1
hkeklcfk-1,AT2,0.4316,0.0402,AT1
hkeknckf-1,AT2,0.4129,0.1127,Multiciliated
hkelombk-1,AT2,0.2846,0.0391,AT1
hkenedjg-1,AT2,0.5347,0.0812,Airway smooth muscle
hkepjfbj-1,AT2,0.2619,0.0766,Multiciliated
hkfabnfg-1,AT2,0.6659,0.1184,AT1
hkfbafhi-1,AT2,0.4819,0.1291,T/NK cells
hkfbbmcj-1,EC venous,0.3355,0.0042,AT1
hkfcfjaa-1,Neuroendocrine,0.5,0.1579,AT2
hkfdidll-1,Neuroendocrine,0.5632,0.1312,Multiciliated
hkfecomg-1,AT2,0.4964,0.0235,Alveolar fibroblasts
hkfeoiib-1,AT2,0.4313,0.094,Goblet
hkffmekh-1,AT1,0.5025,0.0484,AT2
hkffpjpc-1,AT2,0.5256,0.0543,AT1
hkfgbbcg-1,AT2,0.4819,0.0087,Distal epithelium
hkfgibjj-1,AT2,0.3613,0.0009,Goblet
hkfgijna-1,AT2,0.4318,0.0698,Secretory
hkfhccpd-1,AT2,0.69,0.0452,AT1
hkfhlfjh-1,AT2,0.4417,0.0297,AT1
hkfkdbeb-1,Alveolar fibroblasts,0.5089,0.0061,AT2
hkfkdffn-1,AT2,0.5078,0.0607,Airway smooth muscle
hkfkdkee-1,AT2,0.4858,0.1191,Multiciliated
hkfkgfea-1,AT2,0.5658,0.1889,AT1
hkflpjgm-1,AT1,0.4046,0.0352,AT2
hkfmhjnf-1,AT2,0.757,0.1377,AT1
hkfnbdja-1,AT2,0.6024,0.1004,AT1
hkfpcfhb-1,AT2,0.6649,0.1147,Alveolar fibroblasts
hkgfdjmi-1,AT2,0.6044,0.1471,Distal epithelium
hkgjmmib-1,AT2,0.4432,0.0716,Distal epithelium
hkgloodp-1,AT2,0.6724,0.0882,AT1
hkgmdefd-1,AT2,0.63,0.1342,Distal epithelium
hkgmnhhf-1,AT2,0.5823,0.2107,Distal epithelium
hkgnlldp-1,AT2,0.6302,0.1449,AT1
hkgphipn-1,AT2,0.5284,0.1014,Distal epithelium
hkhahemo-1,AT2,0.6375,0.2349,Multiciliated
hkhaikfp-1,AT2,0.459,0.0031,Distal epithelium
hkhbpfgc-1,AT2,0.6157,0.1175,Distal epithelium
hkhcajpm-1,AT2,0.6606,0.1211,AT1
hkhdajgo-1,AT2,0.6067,0.125,AT1
hkhdalbe-1,AT2,0.6363,0.1601,AT1
hkhefdcb-1,AT2,0.49,0.1122,AT1
hkhjjbbi-1,AT2,0.5165,0.0892,AT1
hkhljcfj-1,AT2,0.4995,0.0861,Multiciliated
hkhmhdkp-1,AT2,0.5099,0.1066,Distal epithelium
hkhoiboe-1,AT2,0.6763,0.0793,AT1
hkhpanfb-1,AT2,0.4207,0.0423,AT1
hkhpcjcf-1,AT2,0.4879,0.0895,Distal epithelium
hkhppdmn-1,AT1,0.3186,0.0021,AT2
hkhppiad-1,AT2,0.3236,0.1463,AT1
hkiageli-1,AT2,0.7012,0.1152,AT1
hkialepm-1,AT2,0.715,0.1369,AT1
hkiblfil-1,AT2,0.6421,0.1323,AT1
hkiebphl-1,AT2,0.6705,0.1505,AT1
hkiepeia-1,AT2,0.6863,0.1443,AT1
hkiepfpi-1,AT2,0.5495,0.0992,AT1
hkiepkfn-1,AT2,0.6537,0.0447,Alveolar fibroblasts
hkifjkbc-1,AT2,0.5954,0.0192,AT1
hkifknhd-1,AT2,0.5648,0.0953,AT1
hkifndfj-1,AT2,0.4508,0.1158,Distal epithelium
hkigakfa-1,AT2,0.5133,0.0381,Distal epithelium
hkiggoem-1,Alveolar fibroblasts,0.3952,0.0017,AT2
hkiihhoo-1,AT2,0.6744,0.1535,AT1
hkiikjko-1,AT2,0.1176,0.0378,Erythroid
hkilfjef-1,AT2,0.4504,0.091,AT1
hkindjed-1,AT1,0.5563,0.0227,AT2
hkiodmao-1,AT2,0.3243,0.0131,Multiciliated
hkiofigf-1,AT2,0.6433,0.1115,AT1
hkiojapn-1,AT2,0.6093,0.0751,Multiciliated
hkjjkokb-1,AT2,0.6338,0.1979,Distal epithelium
hkjjnobg-1,AT2,0.3822,0.084,Multiciliated
hkkdaenj-1,AT2,0.571,0.0196,AT1
hkkdaipk-1,AT2,0.4463,0.0564,Distal epithelium
hkkecbpd-1,AT2,0.6348,0.1355,AT1
hkkhclpa-1,AT2,0.479,0.0691,AT1
hkkhghde-1,AT2,0.6188,0.0839,Distal epithelium
hkkhnnjl-1,AT2,0.6312,0.1298,Goblet
hkkibhbn-1,AT2,0.5289,0.171,Distal epithelium
hkkiedfn-1,AT2,0.6052,0.1689,Distal epithelium
hkkilpgd-1,AT2,0.5999,0.1027,Distal epithelium
hkkincep-1,AT1,0.5459,0.0274,AT2
hkkingno-1,AT2,0.2389,0.0052,EC general capillary
hkkjjhjp-1,AT2,0.4781,0.0237,Distal epithelium
hkkpfdgc-1,AT2,0.604,0.0831,AT1
hkkpnmpj-1,AT2,0.4983,0.0349,AT1
hkldmoom-1,AT2,0.6185,0.0115,AT1
hklenfle-1,AT2,0.6688,0.1477,AT1
hklfnaih-1,AT2,0.4235,0.0321,Distal epithelium
hkliikhk-1,AT2,0.6127,0.0372,AT1
hkljlgcp-1,AT2,0.5315,0.1096,AT1
hklkahoe-1,AT2,0.2527,0.0322,AT1
hklkehap-1,AT2,0.5996,0.1086,AT1
hkllbbal-1,AT2,0.5864,0.0099,AT1
hkmblccb-1,Distal epithelium,0.4559,0.0059,AT2
hkmdmhgk-1,AT2,0.4611,0.0153,Multiciliated
hkmfhlgf-1,AT2,0.455,0.107,AT1
hkmgifch-1,AT2,0.5892,0.1096,AT1
hkmgoaga-1,AT2,0.6381,0.167,AT1
hkmhahhf-1,AT2,0.6789,0.1414,AT1
hkmhbgad-1,AT2,0.4272,0.0543,Distal epithelium
hkmkhgop-1,AT2,0.5978,0.1156,Multiciliated
hkmlgoam-1,AT2,0.6685,0.0767,AT1
hkmlkdpb-1,AT1,0.6256,0.0173,AT2
hkmmfmob-1,AT2,0.577,0.138,Multiciliated
hkmmfpjg-1,AT2,0.5267,0.0041,Distal epithelium
hkmnbicg-1,Distal epithelium,0.3933,0.0284,AT2
hkmnlcde-1,Alveolar fibroblasts,0.5408,0.0276,Airway smooth muscle
hkmopoah-1,AT2,0.4375,0.0789,AT1
hkmpicgi-1,AT2,0.4998,0.1288,Multiciliated
hknamcpi-1,AT2,0.4889,0.1307,AT1
hknchnbe-1,AT2,0.5572,0.0185,AT1
hknjknpk-1,AT2,0.5463,0.1073,AT1
hknmdljb-1,AT2,0.6213,0.0739,Distal epithelium
hknncjol-1,AT2,0.5547,0.1524,Multiciliated
hknnhhpa-1,Alveolar fibroblasts,0.4033,0.001,Airway smooth muscle
hknnkgnh-1,AT2,0.5583,0.086,T/NK cells
hknoldeg-1,AT2,0.5552,0.1446,AT1
hknpfenl-1,AT2,0.41,0.116,Distal epithelium
hknpgjlb-1,AT2,0.4799,0.0919,AT1
hknpjbco-1,AT2,0.4672,0.1518,Multiciliated
hkobanbo-1,Airway smooth muscle,0.3255,0.0354,Alveolar fibroblasts
hkobeico-1,AT2,0.6037,0.1419,Multiciliated
hkoddnja-1,AT2,0.579,0.0486,AT1
hkoehjog-1,AT2,0.6302,0.1689,Distal epithelium
hkogillm-1,AT2,0.6321,0.1176,AT1
hkokjlfi-1,AT2,0.5245,0.112,AT1
hkolhmdf-1,AT2,0.4871,0.0436,Goblet
hkoobhhh-1,AT2,0.445,0.0378,AT1
hkoodkii-1,AT2,0.4376,0.1161,Distal epithelium
hkpcknpp-1,AT2,0.5029,0.0489,AT1
hkpclgml-1,AT2,0.5425,0.0971,AT1
hkpeakek-1,AT2,0.5603,0.1338,AT1
hkpghekb-1,AT2,0.5066,0.1151,AT1
hkpmgegd-1,Multiciliated,0.3957,0.0816,Goblet
hlahpmgh-1,Distal epithelium,0.3385,0.003,Basal
hlakmgad-1,AT1,0.4935,0.0255,AT2
hlaldgda-1,AT2,0.4594,0.0616,Multiciliated
hlamhjnf-1,Multiciliated,0.5785,0.1038,Goblet
hlbockcd-1,AT2,0.5078,0.1059,Multiciliated
hlbpeghh-1,AT2,0.5487,0.1975,AT1
hlbpelhp-1,AT2,0.5846,0.1291,AT1
hlccegje-1,AT2,0.5266,0.0927,Distal epithelium
hlcfelpa-1,Alveolar fibroblasts,0.567,0.0137,AT2
hlcfiakc-1,AT2,0.6743,0.1188,AT1
hlchpenn-1,AT2,0.5596,0.1566,Distal epithelium
hlcjlpnc-1,AT2,0.63,0.1798,AT1
hlcjncmj-1,AT2,0.2545,0.0576,AT1
hlclmgna-1,AT2,0.6806,0.0905,AT1
hlcmiabb-1,AT2,0.5579,0.0672,AT1
hlcmjfeh-1,AT2,0.6298,0.1272,AT1
hlcnbjii-1,AT2,0.5237,0.1746,Distal epithelium
hlcomihk-1,AT2,0.5377,0.1958,AT1
hlcpeaeo-1,AT2,0.4585,0.0802,Distal epithelium
hldjcgff-1,AT2,0.6062,0.1234,AT1
hldnphdh-1,Alveolar fibroblasts,0.4949,0.0628,Distal epithelium
hlebglba-1,AT1,0.5929,0.0159,AT2
hleicdep-1,AT2,0.5779,0.1213,AT1
hleijaad-1,AT2,0.3733,0.1139,Goblet
hlekkghc-1,AT2,0.5784,0.124,Airway smooth muscle
hlelaomh-1,AT2,0.511,0.1248,AT1
hlelnagk-1,AT2,0.5686,0.1562,AT1
hlelnegn-1,AT2,0.6661,0.1483,AT1
hlenjdap-1,AT2,0.4184,0.0303,AT1
hlepdnlc-1,Alveolar fibroblasts,0.479,0.0455,AT2
hlfaljbm-1,AT2,0.6767,0.2579,AT1
hlflmhna-1,Distal epithelium,0.5623,0.0008,AT2
hlfploph-1,AT2,0.4972,0.1259,Distal epithelium
hlfpomeb-1,AT2,0.5044,0.0546,AT1
hlgacbnk-1,AT2,0.463,0.0402,Distal epithelium
hlggmefk-1,Multiciliated,0.599,0.0771,Goblet
hlgoegam-1,AT2,0.6108,0.1048,Distal epithelium
hlgppogd-1,AT2,0.5779,0.0829,AT1
hlhbaflo-1,AT2,0.4928,0.1953,Goblet
hlhbcgdh-1,AT2,0.6124,0.129,AT1
hlhcdhla-1,AT2,0.3895,0.0121,Alveolar fibroblasts
hlhgjpea-1,AT2,0.6175,0.1947,AT1
hlhjpgnm-1,AT2,0.4684,0.1521,AT1
hlhkofhj-1,AT2,0.4314,0.0679,AT1
hlhlbpgi-1,AT2,0.555,0.1348,Goblet
hlhnanij-1,AT2,0.6243,0.1106,Distal epithelium
hlhndpcn-1,AT2,0.5853,0.1497,AT1
hlhopiej-1,AT2,0.6956,0.0949,AT1
hlhppego-1,Distal epithelium,0.3614,0.0169,AT1
hliaojke-1,AT2,0.4792,0.0865,AT1
hlideakf-1,Multiciliated,0.1679,0.0334,AT2
hlijcokn-1,AT2,0.3939,0.048,AT1
hlijhapp-1,AT2,0.4757,0.1197,AT1
hlikfmdc-1,AT2,0.5274,0.1568,AT1
hljcpdfm-1,AT2,0.3984,0.0845,AT1
hljihjll-1,AT2,0.4689,0.0696,Multiciliated
hljlkcig-1,AT2,0.5249,0.0858,AT1
hljokjnm-1,AT2,0.6184,0.1935,Distal epithelium
hljpclfd-1,AT2,0.6716,0.2355,Multiciliated
hljpdimb-1,AT2,0.4685,0.1131,Basal
hljplijc-1,AT2,0.6151,0.1192,Distal epithelium
hlkbnpam-1,AT2,0.682,0.2025,Distal epithelium
hlkcbinh-1,AT2,0.5654,0.1337,Goblet
hlkchkga-1,AT2,0.5687,0.1554,Distal epithelium
hlkjihmn-1,AT2,0.4867,0.1199,AT1
hlkjodel-1,AT2,0.5876,0.2248,Goblet
hlklceii-1,AT2,0.3909,0.1491,Lymphatic EC
hlknppig-1,AT2,0.6993,0.1978,Distal epithelium
hllabkoc-1,AT2,0.6494,0.1146,Distal epithelium
hllcdbdj-1,AT2,0.3384,0.0555,Distal epithelium
hlldlppe-1,AT2,0.5583,0.1091,AT1
hllfemec-1,AT2,0.5036,0.1449,AT1
hllijcfo-1,AT2,0.5725,0.1391,Distal epithelium
hlljonia-1,AT2,0.6827,0.2256,Distal epithelium
hllkbiil-1,AT2,0.5414,0.0917,Distal epithelium
hllkdnad-1,AT2,0.3785,0.0724,Distal epithelium
hllnjdcl-1,AT2,0.5777,0.1253,AT1
hllpomnn-1,AT2,0.639,0.1432,AT1
hlmacecc-1,AT2,0.5961,0.1564,Distal epithelium
hlmbpcgc-1,AT2,0.6545,0.1232,Distal epithelium
hlmddlnh-1,AT2,0.5788,0.1026,Distal epithelium
hlmfcfeg-1,AT2,0.3915,0.0028,Alveolar fibroblasts
hlmfpemj-1,AT2,0.5619,0.1056,AT1
hlmkmcpg-1,AT2,0.6404,0.209,T/NK cells
hlmlegda-1,AT2,0.5316,0.1382,Distal epithelium
hlmmgbla-1,AT2,0.4398,0.0662,T/NK cells
hlmnibci-1,AT2,0.3167,0.039,Goblet
hlmnmkph-1,AT2,0.6505,0.199,AT1
hlmoflhh-1,AT2,0.5821,0.1311,AT1
hlmohljl-1,AT2,0.6085,0.2501,Distal epithelium
hlnkdjjh-1,AT2,0.6246,0.1154,AT1
hlnmakfh-1,AT2,0.423,0.1008,EC aerocyte capillary
hlnpfbbj-1,AT2,0.5604,0.1276,Distal epithelium
hloblobh-1,AT2,0.5016,0.1041,AT1
hlofpbdh-1,AT2,0.5497,0.1573,AT1
hlofpjck-1,AT2,0.4908,0.1206,Distal epithelium
hlokcmhg-1,AT2,0.6415,0.2081,AT1
hlokdidd-1,AT2,0.6339,0.1986,Distal epithelium
hlokeppe-1,AT2,0.5477,0.1096,Distal epithelium
hlokhbhf-1,AT2,0.6647,0.1919,Distal epithelium
hlomflle-1,AT2,0.5983,0.219,AT1
hlomlnai-1,AT2,0.5143,0.1232,AT1
hlpamgho-1,AT2,0.6411,0.179,AT1
hlpbimaf-1,AT2,0.4684,0.0884,Distal epithelium
hlpcoeki-1,AT2,0.6369,0.2204,Distal epithelium
hlpimide-1,AT2,0.5567,0.1449,Interstitial macrophages
hlpiokac-1,AT2,0.3406,0.0326,Multiciliated
hlpjginm-1,AT2,0.603,0.1419,AT1
hlppamok-1,AT1,0.5063,0.051,AT2
hlppcfpp-1,AT2,0.5003,0.1742,AT1
hmaafmfp-1,AT2,0.5798,0.0536,AT1
hmabbeca-1,AT2,0.488,0.2165,AT1
hmacofmi-1,AT2,0.3095,0.0176,T/NK cells
hmaddjnm-1,AT2,0.6212,0.18,Distal epithelium
hmallefe-1,AT2,0.6787,0.1525,AT1
hmaoligo-1,AT2,0.2541,0.0372,EC venous
hmapijki-1,AT2,0.5292,0.0556,AT1
hmapkpmn-1,AT2,0.4221,0.0631,Distal epithelium
hmbalfnk-1,AT2,0.6159,0.033,AT1
hmbdbkik-1,AT2,0.6226,0.019,Distal epithelium
hmbdkcma-1,AT2,0.5757,0.1517,AT1
hmbfjago-1,AT2,0.4217,0.0281,Multiciliated
hmbmaopc-1,AT2,0.502,0.2108,AT1
hmbnehge-1,AT2,0.6438,0.1285,Distal epithelium
hmbniche-1,EC venous,0.53,0.0225,AT2
hmbnlcjl-1,AT2,0.4804,0.0958,Multiciliated
hmcehpdh-1,AT2,0.6086,0.1503,Multiciliated
hmchldoo-1,AT2,0.5369,0.1121,Distal epithelium
hmcllnmi-1,AT2,0.5178,0.034,AT1
hmcokgme-1,AT2,0.4612,0.0955,Distal epithelium
hmcolelk-1,AT2,0.4803,0.0287,AT1
hmconmie-1,AT2,0.7343,0.1358,AT1
hmddpkkk-1,AT2,0.6607,0.2186,AT1
hmdeehii-1,AT2,0.5965,0.0667,AT1
hmdnifca-1,AT2,0.4997,0.0647,AT1
hmeamhfo-1,AT1,0.4398,0.0804,AT2
hmefnnbh-1,AT2,0.5491,0.0402,AT1
hmegmibc-1,AT2,0.5179,0.0707,Goblet
hmegopip-1,AT2,0.2156,0.0964,Distal epithelium
hmeibgjn-1,AT2,0.5405,0.0593,AT1
hmeielpj-1,AT2,0.4606,0.1299,AT1
hmekfgop-1,AT2,0.6274,0.0825,AT1
hmemabbe-1,AT2,0.5334,0.0438,AT1
hmemmmnm-1,AT2,0.3821,0.0753,AT1
hmemnilf-1,AT2,0.6878,0.1014,AT1
hmencomn-1,AT2,0.337,0.0806,AT1
hmenegld-1,AT2,0.588,0.055,AT1
hmengmla-1,AT2,0.5495,0.1279,AT1
hmepdppm-1,AT2,0.539,0.1389,AT1
hmepelbe-1,AT2,0.3251,0.0494,AT1
hmfaffgi-1,AT2,0.4223,0.0708,Multiciliated
hmfagklb-1,AT2,0.4623,0.1099,AT1
hmfgmfkl-1,AT2,0.4385,0.0931,Distal epithelium
hmfhnola-1,AT2,0.477,0.0761,AT1
hmfhpkkk-1,AT2,0.6107,0.0778,AT1
hmfkkefi-1,AT2,0.5581,0.1838,AT1
hmfmaacj-1,AT2,0.3649,0.0283,Distal epithelium
hmfmamne-1,AT2,0.4155,0.0761,Distal epithelium
hmgcmpda-1,AT2,0.5101,0.1864,Distal epithelium
hmgdafkg-1,AT2,0.5772,0.0892,AT1
hmgdgdim-1,AT2,0.5076,0.1485,AT1
hmgfcbcd-1,AT2,0.6553,0.1702,Goblet
hmggdama-1,AT2,0.686,0.2546,AT1
hmggfnjc-1,AT2,0.502,0.2147,Multiciliated
hmghecep-1,AT2,0.5264,0.1184,Distal epithelium
hmgjmhjh-1,AT2,0.59,0.192,Distal epithelium
hmgldkmp-1,AT2,0.6295,0.1419,Distal epithelium
hmgleeom-1,AT2,0.7163,0.2504,Distal epithelium
hmgmbled-1,Distal epithelium,0.3848,0.0064,AT1
hmgmdnfp-1,AT2,0.6275,0.1566,AT1
hmgnodcb-1,AT2,0.67,0.1818,AT1
hmgogdmf-1,AT2,0.6315,0.0951,Distal epithelium
hmgplagn-1,AT2,0.6051,0.1732,Distal epithelium
hmhacinn-1,AT2,0.4338,0.0769,T/NK cells
hmhaibin-1,AT2,0.3662,0.1177,Distal epithelium
hmhcbgpn-1,AT2,0.5062,0.0364,Distal epithelium
hmhccaoj-1,AT2,0.3791,0.0314,Multiciliated
hmhcogmp-1,AT2,0.6276,0.0901,Distal epithelium
hmhcpglp-1,AT2,0.6589,0.1532,Distal epithelium
hmhfflae-1,AT2,0.5581,0.1256,Multiciliated
hmhidpip-1,AT2,0.5518,0.0894,Distal epithelium
hmhljpbh-1,AT2,0.3545,0.1086,Goblet
hmhmgnjl-1,AT2,0.6239,0.1777,AT1
hmhoikah-1,AT2,0.6636,0.2009,Distal epithelium
hmiadanc-1,AT2,0.5181,0.1968,Distal epithelium
hmiekbde-1,AT2,0.5107,0.055,Distal epithelium
hmieooci-1,AT2,0.5319,0.1931,Multiciliated
hmigcapa-1,AT2,0.2384,0.045,Goblet
hmiilkch-1,AT1,0.5647,0.0198,AT2
hmiimbfn-1,AT2,0.6105,0.0638,Distal epithelium
hmilmbhh-1,AT2,0.5331,0.1206,Distal epithelium
hmilnaha-1,AT2,0.4272,0.1052,AT1
hmimnppo-1,AT2,0.4553,0.1204,AT1
hmingmam-1,AT2,0.5644,0.1436,AT1
hmjaidij-1,AT2,0.5444,0.0692,Distal epithelium
hmjbhmoe-1,AT2,0.6731,0.1509,AT1
hmjcklfo-1,AT2,0.5565,0.1254,AT1
hmjclbkd-1,AT2,0.5144,0.0832,AT1
hmkafick-1,Alveolar fibroblasts,0.5177,0.0271,AT2
hmkbkkcm-1,AT2,0.6119,0.0849,Goblet
hmkhbgbh-1,AT2,0.6026,0.1431,AT1
hmkhkmkf-1,Goblet,0.4038,0.0215,AT2
hmkjcmml-1,AT2,0.6747,0.2188,AT1
hmkjmacp-1,AT2,0.4855,0.0849,T/NK cells
hmkklipg-1,AT2,0.5336,0.1659,AT1
hmklbdjh-1,AT2,0.5477,0.1804,AT1
hmkmjkfi-1,AT2,0.4583,0.1144,AT1
hmkmmgai-1,AT2,0.5474,0.1003,Distal epithelium
hmknccbl-1,AT2,0.6149,0.175,AT1
hmkpkckp-1,AT2,0.5973,0.1797,AT1
hmlaokia-1,AT2,0.5183,0.0845,Distal epithelium
hmlcdlkb-1,Distal epithelium,0.2654,0.004,AT2
hmlcebgp-1,AT2,0.2242,0.0641,Multiciliated
hmlcgiem-1,AT2,0.5389,0.0957,Distal epithelium
hmlddehc-1,AT2,0.5603,0.0371,AT1
hmlecnba-1,AT2,0.4363,0.0291,AT1
hmlfeoce-1,AT1,0.6429,0.0109,AT2
hmlhjojj-1,AT2,0.5452,0.1382,T/NK cells
hmlhkgjb-1,AT2,0.4848,0.03,AT1
hmlhkkmh-1,AT2,0.6126,0.1789,Multiciliated
hmljjbgh-1,AT2,0.4004,0.0122,Goblet
hmlldegc-1,AT2,0.4981,0.0586,AT1
hmlohjlf-1,AT2,0.6218,0.1706,Distal epithelium
hmloiilg-1,AT2,0.7423,0.255,AT1
hmlpdahm-1,AT2,0.5071,0.0943,Distal epithelium
hmmangla-1,AT2,0.6097,0.142,AT1
hmmbepln-1,AT2,0.6306,0.1755,AT1
hmmbfebn-1,AT2,0.6872,0.1832,AT1
hmmgfnhj-1,AT2,0.506,0.0995,AT1
hmmggaii-1,AT1,0.3487,0.0448,AT2
hmmggnhh-1,AT2,0.3371,0.0401,Distal epithelium
hmmghaoc-1,AT2,0.5429,0.11,AT1
hmmhfael-1,AT2,0.456,0.0372,AT1
hmmhjhei-1,AT2,0.5656,0.0676,AT1
hmmicdal-1,AT2,0.5065,0.0933,AT1
hmmifeen-1,AT2,0.5126,0.0181,Distal epithelium
hmmihaah-1,AT2,0.4664,0.0097,AT1
hmmlchhl-1,Distal epithelium,0.5214,0.0089,AT2
hmmmning-1,AT2,0.7643,0.2767,AT1
hmmmoeim-1,AT2,0.5688,0.1196,Distal epithelium
hmmnpefp-1,AT1,0.4754,0.0411,AT2
hmmondce-1,AT2,0.5363,0.1108,Distal epithelium
hmmpklic-1,AT2,0.4651,0.0464,Distal epithelium
hmnaebik-1,AT2,0.5971,0.1127,Goblet
hmnbpdmj-1,AT2,0.6048,0.0621,AT1
hmnfengc-1,Alveolar fibroblasts,0.4388,0.0189,Distal epithelium
hmnfiope-1,AT2,0.4546,0.0413,Airway smooth muscle
hmnjelfn-1,AT2,0.6499,0.0521,AT1
hmnlafio-1,AT2,0.5589,0.1631,Distal epithelium
hmnlepoc-1,AT2,0.5284,0.1049,Distal epithelium
hmnlfelc-1,AT2,0.4992,0.1015,Airway smooth muscle
hmnolljp-1,AT2,0.5451,0.204,AT1
hmnpiijo-1,Goblet,0.5048,0.0052,AT1
hmoagebc-1,AT2,0.5649,0.1275,Distal epithelium
hmobnbdg-1,AT2,0.4129,0.0068,Distal epithelium
hmoboboj-1,AT1,0.2564,0.0068,AT2
hmockppa-1,AT2,0.5228,0.1015,AT1
hmodldkp-1,AT2,0.5606,0.0233,Distal epithelium
hmoebpji-1,AT2,0.4862,0.1513,AT1
hmoekdhh-1,AT2,0.5327,0.061,Distal epithelium
hmogieng-1,AT2,0.4891,0.1278,AT1
hmoidoeo-1,AT2,0.5466,0.0976,AT1
hmoiolko-1,AT2,0.5742,0.0729,AT1
hmojlahi-1,AT2,0.5165,0.1071,AT1
hmokbapi-1,AT2,0.3577,0.0738,Goblet
hmokcmfk-1,Multiciliated,0.4355,0.0115,AT2
hmokeehb-1,AT2,0.2192,0.0164,Alveolar fibroblasts
hmomhapj-1,AT2,0.4845,0.0372,Goblet
hmomogma-1,AT2,0.3776,0.0637,T/NK cells
hmoodmnm-1,AT2,0.2841,0.0407,AT1
hmoodoga-1,AT2,0.4928,0.1227,AT1
hmpfhdgp-1,AT2,0.4815,0.1235,Multiciliated
hmpjllil-1,AT2,0.5189,0.1962,AT1
hnabemjp-1,AT2,0.5858,0.0728,AT1
hnahopla-1,AT2,0.568,0.0693,AT1
hnakgedl-1,AT2,0.2805,0.0201,Multiciliated
hnampnii-1,AT2,0.5435,0.1565,AT1
hnanmlnh-1,Multiciliated,0.3608,0.0523,Goblet
hnbcnfhl-1,AT2,0.5947,0.115,AT1
hnbdeoeg-1,Alveolar fibroblasts,0.2849,0.0258,AT2
hnbdgijp-1,AT2,0.5873,0.1496,AT1
hnbdkgmj-1,AT2,0.5444,0.0727,AT1
hnbdnmlj-1,Distal epithelium,0.3611,0.0173,T/NK cells
hnbdpola-1,AT2,0.5518,0.0897,AT1
hnbgdfkb-1,AT2,0.0712,0.0087,Lymphatic EC
hnbkicck-1,Multiciliated,0.383,0.0232,AT2
hnbkldfa-1,Goblet,0.4875,0.0491,Multiciliated
hnbkohdn-1,Goblet,0.3223,0.0366,Multiciliated
hnblomla-1,AT2,0.507,0.1013,Goblet
hnbmdfmf-1,AT2,0.3775,0.0919,AT1
hnbmkglk-1,AT2,0.5913,0.0581,AT1
hnbnmcnf-1,AT2,0.5494,0.1039,Distal epithelium
hnbojmfp-1,AT2,0.5836,0.2175,AT1
hncannog-1,AT2,0.6142,0.2396,AT1
hncbhcfi-1,AT2,0.6419,0.0917,AT1
hncdejif-1,AT2,0.5131,0.0665,AT1
hncdflbl-1,AT2,0.3151,0.0376,Goblet
hncdhmha-1,AT2,0.5743,0.0633,Distal epithelium
hncdlmep-1,AT2,0.5409,0.0475,Distal epithelium
hncehceg-1,AT2,0.4569,0.0032,Alveolar fibroblasts
hncepobd-1,AT2,0.5473,0.1223,Distal epithelium
hncigbpk-1,AT2,0.573,0.0153,AT1
hnckkgig-1,AT2,0.4638,0.12,AT1
hncldbad-1,AT2,0.5777,0.2008,Distal epithelium
hndbikji-1,AT2,0.495,0.0643,AT1
hndfhmaf-1,AT2,0.4359,0.0636,AT1
hndfpdml-1,Distal epithelium,0.3998,0.0057,AT2
hndggobh-1,AT2,0.6243,0.0863,AT1
hndpggil-1,AT2,0.5857,0.0966,AT1
hneaaanf-1,AT2,0.5,0.1005,AT1
hnecdmhl-1,AT2,0.4824,0.0677,Distal epithelium
hnecelim-1,AT2,0.4693,0.1348,Goblet
hnedfaci-1,AT2,0.6128,0.0704,AT1
hnedmgbl-1,AT2,0.5184,0.0523,Distal epithelium
hneffdmk-1,AT1,0.6461,0.0321,AT2
hnefmbih-1,AT2,0.4102,0.0129,Distal epithelium
hneganoj-1,AT2,0.5569,0.0074,Distal epithelium
hnejegak-1,AT2,0.6444,0.0932,AT1
hnejfkmh-1,AT2,0.5006,0.0252,AT1
hnjdaafj-1,AT2,0.6084,0.1569,Multiciliated
hnjebagd-1,AT2,0.7179,0.2122,Distal epithelium
hnmlembc-1,AT2,0.6129,0.0728,AT1
hnnalefb-1,AT2,0.5287,0.0962,Distal epithelium
hnnbngaa-1,AT2,0.544,0.0604,AT1
hnncboec-1,AT2,0.4896,0.0893,Distal epithelium
hnnhlbpo-1,AT2,0.6653,0.1713,Goblet
hnniehnb-1,AT2,0.6222,0.1909,Goblet
hnnnfjad-1,AT2,0.622,0.1925,AT1
hnoanibe-1,AT2,0.732,0.2414,Distal epithelium
hnofbcic-1,AT2,0.615,0.1792,AT1
hnogkepj-1,AT2,0.5476,0.1309,Distal epithelium
ibecibkm-1,Distal epithelium,0.4819,0.0254,Alveolar fibroblasts
ibjailgi-1,T/NK cells,0.4999,0.0343,Airway smooth muscle
ibodhbgh-1,AT1,0.4415,0.0097,AT2
ibppeccd-1,AT2,0.4714,0.0307,Alveolar fibroblasts
icboaoea-1,AT2,0.3957,0.072,Goblet
iccdmnlg-1,Lymphatic EC,0.2201,0.0177,AT2
icfhcfaj-1,AT2,0.4241,0.0615,AT1
icgcappg-1,Distal epithelium,0.4274,0.0047,Airway smooth muscle
ickloiic-1,Multiciliated,0.3357,0.048,Basal
ifpcamih-1,AT2,0.1679,0.0258,Multiciliated
igcnlhkc-1,Alveolar fibroblasts,0.279,0.029,AT2
igipfnbi-1,Goblet,0.3365,0.0226,Distal epithelium
ihcdhoja-1,AT2,0.4283,0.0812,Distal epithelium
ihiekpia-1,AT2,0.3743,0.0359,Multiciliated
ihpfpokb-1,T/NK cells,0.3831,0.0087,Alveolar fibroblasts
iiihmlod-1,Alveolar fibroblasts,0.2973,0.0185,Multiciliated
ijmnaijl-1,AT2,0.2923,0.149,AT1
ipahlonn-1,Airway smooth muscle,0.4185,0.0241,Alveolar fibroblasts
ipbcglda-1,AT2,0.6348,0.2214,Goblet
ipbioaeh-1,AT2,0.5414,0.1152,Distal epithelium
ipblbpfd-1,AT2,0.6525,0.1373,Distal epithelium
ipboaafb-1,AT2,0.5655,0.1093,Goblet
ipbokaia-1,AT2,0.581,0.1012,Goblet
ipbokmdl-1,AT2,0.3572,0.0734,Distal epithelium
ipbokmnm-1,AT2,0.5124,0.0526,Goblet
ipcbihgi-1,AT2,0.4945,0.1151,Distal epithelium
ipcehdai-1,AT2,0.5451,0.0661,Goblet
ipceihij-1,AT2,0.7311,0.1647,Goblet
ipciljhb-1,AT2,0.5851,0.1263,AT1
ipdfmfeh-1,AT2,0.6284,0.2129,Goblet
ipeekodo-1,AT2,0.501,0.058,Goblet
ipekgjpa-1,AT2,0.6065,0.0557,Distal epithelium
ipfinoib-1,AT2,0.6653,0.194,AT1
ipfipcnl-1,AT2,0.6454,0.0684,Goblet
iphfbclk-1,AT2,0.5022,0.1708,AT1
iphkdhic-1,AT2,0.5632,0.1773,Goblet
iphloabl-1,AT2,0.5674,0.1398,Goblet
iphmbfnn-1,AT2,0.6164,0.1674,Distal epithelium
ipibcmhc-1,AT2,0.6153,0.1717,AT1
ipidchpc-1,AT2,0.5233,0.1069,Distal epithelium
ipigkhbc-1,AT2,0.5169,0.1605,AT1
ipihbcbe-1,AT2,0.5403,0.0717,T/NK cells
ipjmbaag-1,AT2,0.5469,0.0889,Goblet
ipjoenfa-1,AT2,0.6912,0.1471,Goblet
ipjopjmd-1,AT2,0.534,0.0201,Goblet
ipkccfan-1,AT2,0.6978,0.0692,Goblet
ipkdmlcp-1,AT2,0.6451,0.0981,Goblet
ipkekcib-1,AT2,0.6582,0.1481,Goblet
ipkigenn-1,AT2,0.613,0.0916,Goblet
ipkihlpi-1,AT2,0.1647,0.0436,Secretory
ipmijgcc-1,AT2,0.4861,0.059,T/NK cells
ipncdgnj-1,AT2,0.5859,0.1324,Goblet
ipnkpbpe-1,AT2,0.5735,0.1472,AT1
jaaodacd-1,Goblet,0.4941,0.0225,AT2
jaaoeooj-1,AT2,0.413,0.0701,Goblet
jaapfkdg-1,AT2,0.5801,0.1603,Distal epithelium
jabbhkib-1,AT2,0.6078,0.1088,Goblet
jabcggni-1,AT2,0.7213,0.178,Goblet
jabcjfal-1,AT2,0.6078,0.1233,Multiciliated
jabecelk-1,AT2,0.7173,0.2307,Distal epithelium
jabpphjf-1,AT2,0.5775,0.1307,Goblet
jaccjoci-1,AT2,0.3691,0.0471,Goblet
jacmeffg-1,AT2,0.5548,0.0882,AT1
jacmilfa-1,AT2,0.4456,0.1159,Distal epithelium
jadjalni-1,AT2,0.6202,0.1078,Goblet
jadllnbp-1,AT2,0.47,0.0723,AT1
jadlmckm-1,AT2,0.434,0.0422,Goblet
jaelpjln-1,AT2,0.5802,0.1322,AT1
jaeoocdf-1,AT2,0.6196,0.2377,AT1
jakcolag-1,AT2,0.4361,0.0103,AT1
jakfncba-1,AT2,0.5477,0.0446,Goblet
jalkojnc-1,AT2,0.3924,0.0188,Distal epithelium
jbaelabc-1,Goblet,0.5591,0.0555,AT2
jbknpnna-1,AT1,0.5413,0.1428,Distal epithelium
jblcnmeh-1,AT2,0.4043,0.0578,AT1
jblfkhij-1,AT2,0.523,0.1429,AT1
jbnnkhkg-1,AT2,0.6487,0.1771,Goblet
jbnpajjl-1,AT2,0.3644,0.0648,Goblet
jboabjbp-1,AT2,0.4603,0.0816,Goblet
jbohpjah-1,AT2,0.4964,0.071,AT1
jbpiggkk-1,Goblet,0.4242,0.0769,T/NK cells
jcfmopjk-1,Goblet,0.657,0.1024,AT2
jchalhel-1,AT2,0.6142,0.1235,AT1
jcimdfcb-1,AT2,0.4754,0.0262,Distal epithelium
jclicbgn-1,Goblet,0.4522,0.0316,AT2
jcmpeock-1,AT2,0.4153,0.0455,Goblet
jcoclfbm-1,AT2,0.2629,0.0369,Goblet
jdbjgedj-1,AT2,0.5875,0.1921,AT1
jdbkomja-1,AT2,0.5735,0.083,Distal epithelium
jddphepf-1,AT2,0.3247,0.0485,AT1
jdmdeopm-1,AT2,0.4124,0.1222,AT1
jdnaljge-1,AT2,0.5144,0.2292,Distal epithelium
jdnbndgg-1,AT2,0.5862,0.2179,Distal epithelium
jdncackp-1,AT2,0.5801,0.1366,Distal epithelium
jdnccpom-1,AT2,0.5848,0.0956,Distal epithelium
jdngheac-1,AT1,0.5593,0.0291,AT2
jdngheda-1,AT2,0.4728,0.0544,Distal epithelium
jdngljpa-1,AT2,0.4138,0.0745,AT1
jdngmhpn-1,AT2,0.2714,0.068,AT1
jdnhaiga-1,AT2,0.3685,0.1189,Distal epithelium
jdnjddje-1,AT2,0.4971,0.1019,AT1
jdnmcfhj-1,AT2,0.4565,0.0936,Distal epithelium
jdnmjojh-1,AT2,0.5802,0.0714,Distal epithelium
jdoooglj-1,AT2,0.5415,0.1427,Multiciliated
jdpaehbn-1,AT2,0.3286,0.0309,AT1
jedjnldp-1,AT2,0.5649,0.1341,AT1
jedmmnkg-1,AT2,0.5295,0.1501,Distal epithelium
jedonclm-1,AT2,0.392,0.073,Multiciliated
jedppaki-1,AT2,0.528,0.0867,AT1
jeebjaeg-1,AT2,0.3672,0.084,AT1
jeefabga-1,AT2,0.5831,0.0929,AT1
jeefljoe-1,AT2,0.5714,0.0949,Airway smooth muscle
jeefpelh-1,AT2,0.7028,0.2864,Distal epithelium
jeeiaipf-1,AT2,0.4735,0.2331,AT1
jeejdhfb-1,AT2,0.463,0.0886,AT1
jeejmkol-1,AT2,0.5965,0.1936,AT1
jeekaclh-1,AT2,0.5333,0.1585,Multiciliated
jeepnlhh-1,AT2,0.5463,0.0995,AT1
jefbbkig-1,AT2,0.5045,0.0857,Alveolar fibroblasts
jefflaoh-1,AT2,0.5465,0.1075,AT1
jefgaejc-1,AT2,0.4574,0.0638,Distal epithelium
jefhblnd-1,AT2,0.4758,0.1282,AT1
jefhniom-1,AT2,0.5564,0.163,AT1
jefkhhgp-1,AT2,0.5444,0.0888,AT1
jefnogbn-1,AT2,0.6095,0.1203,AT1
jeghkjkp-1,AT2,0.624,0.0593,AT1
jegmcghg-1,AT2,0.5271,0.0068,AT1
jegmkbdp-1,AT1,0.6544,0.0401,AT2
jegnijag-1,AT2,0.6186,0.096,Distal epithelium
jegocohi-1,AT2,0.6833,0.1316,AT1
jegpibgh-1,AT2,0.4479,0.1105,AT1
jehcokfj-1,AT2,0.6305,0.0669,AT1
jehdhnjb-1,AT2,0.6061,0.0711,AT1
jehebmlg-1,AT2,0.5983,0.0665,AT1
jehelejl-1,AT2,0.6644,0.1567,AT1
jehfkfdj-1,AT2,0.5508,0.1464,Multiciliated
jehfkoeg-1,AT2,0.5733,0.067,Distal epithelium
jehhnoco-1,AT2,0.5365,0.0561,Alveolar fibroblasts
jeiaefoh-1,AT2,0.5105,0.1078,AT1
jeidaiek-1,Pericytes,0.3953,0.0082,Vascular smooth muscle
jeijkjin-1,AT2,0.4185,0.0849,Distal epithelium
jeinjjhf-1,AT2,0.524,0.0472,AT1
jejahgpb-1,AT2,0.6037,0.093,Distal epithelium
jejalnpf-1,AT2,0.6066,0.0404,AT1
jejcejei-1,AT2,0.5156,0.203,Distal epithelium
jejgnmdi-1,AT2,0.6331,0.16,Distal epithelium
jejhaeai-1,T/NK cells,0.4586,0.015,Distal epithelium
jejigbpc-1,AT2,0.4406,0.1155,Distal epithelium
jejighce-1,AT2,0.3964,0.0886,AT1
jejjhfnj-1,AT2,0.4379,0.0761,Distal epithelium
jejmokjl-1,AT2,0.598,0.1922,AT1
jejpplae-1,AT2,0.4421,0.1171,Goblet
jekangjn-1,AT2,0.6301,0.1548,Multiciliated
jekbcjcl-1,AT1,0.5208,0.001,AT2
jekcneai-1,AT1,0.529,0.0744,AT2
jekemdhn-1,AT2,0.4297,0.1065,Multiciliated
jekfaohi-1,AT2,0.5359,0.1215,Multiciliated
jekfkofi-1,AT2,0.5953,0.1626,Multiciliated
jekgkhaa-1,AT2,0.4611,0.0752,AT1
jekhcdbe-1,AT2,0.5191,0.1733,AT1
jekjdklk-1,AT2,0.4452,0.0929,Distal epithelium
jekjlfgp-1,AT2,0.5532,0.1851,AT1
jekjpgmk-1,AT2,0.523,0.1517,AT1
jekkgomp-1,AT2,0.5178,0.1331,AT1
jekmleno-1,AT2,0.5128,0.1862,AT1
jekmmmlg-1,AT2,0.621,0.0958,Distal epithelium
jeknbhlg-1,AT2,0.568,0.0803,Distal epithelium
jekngepn-1,AT2,0.4127,0.0853,AT1
jelcgdhf-1,AT2,0.6499,0.0925,AT1
jelcpdnp-1,Basal,0.4607,0.0072,Distal epithelium
jelgblok-1,AT2,0.5018,0.0604,Distal epithelium
jelgljef-1,AT2,0.4876,0.1187,Distal epithelium
jelihhda-1,AT2,0.5929,0.0865,Distal epithelium
jelioghb-1,AT2,0.6383,0.0839,AT1
jellpian-1,AT2,0.4915,0.0543,Goblet
jelpfinj-1,Distal epithelium,0.3934,0.0071,AT1
jemachmg-1,AT2,0.5303,0.0695,Multiciliated
jemdbend-1,AT2,0.4962,0.1252,Distal epithelium
jemddcen-1,AT2,0.3796,0.1223,Secretory
jemebomc-1,AT1,0.4647,0.001,AT2
jemkefnf-1,AT2,0.4936,0.0896,AT1
jemleeag-1,AT2,0.5975,0.0763,AT1
jemlekgf-1,AT2,0.3963,0.0711,AT1
jemlggco-1,AT2,0.5481,0.0519,AT1
jemljgkl-1,AT2,0.47,0.1144,Distal epithelium
jemngpfa-1,AT2,0.5161,0.1337,AT1
jendnmpf-1,AT2,0.2634,0.0656,AT1
jenfnlag-1,AT2,0.4311,0.087,Distal epithelium
jenhfefg-1,AT2,0.3373,0.0171,Alveolar fibroblasts
jenhjopo-1,AT2,0.6536,0.1314,Distal epithelium
jenkejmn-1,AT2,0.5115,0.0945,AT1
jenkglcn-1,AT2,0.5998,0.1291,AT1
jennlgap-1,AT2,0.6115,0.1251,AT1
jeodifla-1,AT2,0.3921,0.0623,AT1
jeokcpbg-1,AT2,0.6583,0.159,AT1
jeokhiaj-1,AT2,0.695,0.1943,AT1
jeolbhpl-1,AT2,0.5601,0.1226,AT1
jeonlkdi-1,AT2,0.4937,0.0626,Goblet
jepanekb-1,AT2,0.6303,0.1383,AT1
jepjmjcl-1,AT2,0.5272,0.0623,Goblet
jeplknff-1,AT2,0.5565,0.2063,Secretory
jepnjafc-1,AT2,0.7547,0.3156,AT1
jfaaggga-1,AT2,0.5239,0.0767,EC venous
jfaajllc-1,AT2,0.5843,0.2445,Distal epithelium
jfacdllo-1,AT2,0.6349,0.1776,AT1
jfafdobo-1,AT2,0.5443,0.1863,Multiciliated
jfagaalf-1,AT2,0.4756,0.0909,Multiciliated
jfagdhdc-1,AT2,0.5594,0.0025,Alveolar fibroblasts
jfaggagk-1,AT2,0.5522,0.1519,Distal epithelium
jfagohgg-1,AT2,0.6226,0.1926,Distal epithelium
jfebndlh-1,AT1,0.4388,0.004,AT2
jfedlilf-1,AT2,0.6222,0.0403,Goblet
jfedmkbi-1,AT2,0.356,0.0705,AT1
jfigcepk-1,AT2,0.5707,0.1609,AT1
jfigkjan-1,AT2,0.6698,0.1364,AT1
jfihbgin-1,AT2,0.4911,0.0943,Multiciliated
jfiiklng-1,AT2,0.5255,0.0767,T/NK cells
jfijcopk-1,AT2,0.5001,0.0137,Alveolar fibroblasts
jfijjmab-1,AT2,0.375,0.0235,AT1
jfijjpaf-1,AT2,0.4509,0.0211,AT1
jfilnaen-1,AT2,0.4542,0.0141,AT1
jfipdchf-1,AT1,0.5197,0.0053,AT2
jfipenel-1,AT2,0.5834,0.0805,Distal epithelium
jfjblmag-1,AT2,0.553,0.0399,AT1
jfjcpfnj-1,AT2,0.6926,0.1669,AT1
jfjdcnfj-1,AT2,0.6777,0.2563,AT1
jfjdehil-1,AT2,0.5381,0.138,AT1
jfjfpgha-1,AT2,0.6859,0.2011,AT1
jfjlecfj-1,AT2,0.6478,0.1973,Multiciliated
jfjlhcmj-1,AT2,0.6092,0.1289,Distal epithelium
jfjmcdmb-1,AT2,0.5203,0.137,AT1
jfkclbde-1,AT2,0.6059,0.0799,AT1
jfklehel-1,AT2,0.6214,0.1862,AT1
jfkopbio-1,AT2,0.4605,0.1183,AT1
jfkpmdjm-1,AT2,0.5668,0.1411,AT1
jfkppaeb-1,AT2,0.5133,0.055,AT1
jflbchnm-1,AT2,0.5336,0.1827,AT1
jfldghan-1,AT2,0.5446,0.0988,T/NK cells
jflgaill-1,AT2,0.3994,0.1215,AT1
jflgejcd-1,AT2,0.5479,0.0978,AT1
jflidfpn-1,AT2,0.3641,0.1169,AT1
jfmeelel-1,AT2,0.6186,0.09,AT1
jfmfcnlb-1,AT2,0.6869,0.1509,AT1
jfmfflpf-1,AT2,0.6691,0.2008,AT1
jfmfppna-1,AT2,0.5593,0.1924,Distal epithelium
jfnbcemf-1,AT2,0.6025,0.0081,AT1
jfneadpd-1,AT2,0.7171,0.0852,AT1
jgbibjon-1,AT2,0.5685,0.1643,AT1
jgfkngah-1,AT2,0.4935,0.0244,AT1
jgfkocbo-1,AT2,0.6122,0.1435,AT1
jgfkodnj-1,AT2,0.5662,0.1552,AT1
jgfpopnm-1,AT2,0.4462,0.1156,AT1
jgfppjgo-1,AT1,0.6562,0.0237,AT2
jggaiion-1,AT2,0.5712,0.0736,AT1
jggalkin-1,AT2,0.4395,0.0884,AT1
jggbhhhh-1,AT2,0.572,0.0941,AT1
jghffocb-1,AT2,0.581,0.1016,AT1
jghgbbgp-1,AT2,0.4836,0.0837,Distal epithelium
jghgbdge-1,AT2,0.3778,0.0631,AT1
jghhaifm-1,AT2,0.3824,0.0631,AT1
jghilhmo-1,AT2,0.5769,0.1191,AT1
jghjjgfg-1,AT1,0.3663,0.025,AT2
jghljfnp-1,AT2,0.3646,0.061,AT1
jghlkepc-1,AT2,0.5464,0.1197,AT1
jghlkpca-1,AT2,0.4379,0.0478,AT1
jghohccd-1,AT2,0.4186,0.1793,AT1
jgiaaamo-1,AT2,0.5426,0.129,AT1
jgicfijg-1,AT2,0.5351,0.0372,AT1
jgiecclf-1,AT2,0.5077,0.1802,AT1
jgifcagn-1,AT2,0.455,0.0362,AT1
jgigmlbg-1,AT2,0.5117,0.0653,AT1
jgihnhpp-1,AT2,0.6258,0.0739,AT1
jgijikmc-1,AT2,0.5513,0.0921,AT1
jgilohfi-1,AT2,0.526,0.1152,AT1
jgilpkbj-1,AT2,0.4639,0.034,AT1
jgimpapj-1,AT2,0.5546,0.0933,AT1
jginbpfe-1,Multiciliated,0.3125,0.0165,Goblet
jginefhi-1,AT2,0.5145,0.1148,Distal epithelium
jginmide-1,AT2,0.5519,0.1218,AT1
jgioclmc-1,Airway smooth muscle,0.3626,0.0318,Alveolar fibroblasts
jgiodnjk-1,AT2,0.5437,0.0635,AT1
jgjajamj-1,AT2,0.2242,0.0086,Distal epithelium
jgjbomdh-1,AT1,0.5152,0.0526,AT2
jgjknjhh-1,AT2,0.5162,0.0757,AT1
jgjlbpmf-1,AT2,0.5518,0.0571,AT1
jgjllfel-1,AT2,0.5078,0.0412,AT1
jgkeeafm-1,AT2,0.472,0.0218,Distal epithelium
jgklhaok-1,AT2,0.6818,0.1714,AT1
jgldemfd-1,AT2,0.5014,0.0815,Distal epithelium
jglefpgp-1,Goblet,0.3807,0.0386,T/NK cells
jglehamn-1,AT2,0.5261,0.0312,Distal epithelium
jgneanjb-1,AT2,0.6742,0.0344,AT1
jgngenid-1,AT2,0.4082,0.0201,T/NK cells
jgnghdba-1,AT2,0.6518,0.2406,AT1
jgngicok-1,AT2,0.4331,0.0461,Airway smooth muscle
jgngihpf-1,AT2,0.5157,0.0871,AT1
jgnhlhac-1,AT2,0.7442,0.239,AT1
jgnhnlpb-1,AT1,0.4116,0.0658,AT2
jgnhomjp-1,AT2,0.6117,0.1248,AT1
jgnlimcg-1,AT2,0.4053,0.1066,AT1
jgnoacep-1,AT2,0.6204,0.1149,AT1
jgnpdinn-1,AT2,0.5409,0.0542,AT1
jgnpegac-1,Alveolar fibroblasts,0.5048,0.0312,T/NK cells
jgnpibkc-1,AT2,0.3542,0.0387,Goblet
jgnplnlj-1,AT2,0.4629,0.0505,Goblet
jgoagbik-1,AT2,0.4868,0.0078,AT1
jgoagggi-1,AT2,0.232,0.075,Alveolar macrophages
jgodcmmf-1,Goblet,0.4002,0.0126,Alveolar fibroblasts
jgoddbim-1,AT2,0.5759,0.1496,AT1
jgoifdij-1,AT2,0.5324,0.2194,AT1
jgokbbpb-1,Alveolar fibroblasts,0.4215,0.0015,Airway smooth muscle
jgoljkbj-1,AT2,0.3014,0.0821,AT1
jgolmjof-1,AT2,0.4149,0.0666,Multiciliated
jgonimdd-1,Distal epithelium,0.5639,0.0018,AT2
jgoolmbo-1,AT2,0.461,0.051,T/NK cells
jgoonoea-1,AT2,0.408,0.1246,EC venous
jgopdfaf-1,AT2,0.4855,0.2007,AT1
jgpcdmko-1,AT2,0.5372,0.0902,EC venous
jgpdgidp-1,AT2,0.5768,0.1525,Distal epithelium
jgphghaj-1,AT1,0.5253,0.0659,AT2
jgpifefm-1,AT2,0.6357,0.0701,AT1
jhaccfca-1,AT2,0.5054,0.0611,Distal epithelium
jhacfipc-1,AT2,0.5401,0.2024,AT1
jhacjcgp-1,AT2,0.4405,0.1655,Multiciliated
jhadilbk-1,AT2,0.3923,0.0675,Goblet
jhadomnh-1,AT2,0.5881,0.1958,AT1
jhafjkja-1,AT1,0.4097,0.0345,AT2
jhahkeha-1,AT2,0.56,0.0303,AT1
jhajljpk-1,AT2,0.5156,0.001,AT1
jhalcidj-1,AT2,0.4592,0.0071,Pericytes
jhapmang-1,AT2,0.6205,0.1433,AT1
jhbocmdg-1,AT2,0.6266,0.2047,AT1
jhbpmaia-1,AT2,0.2939,0.0995,Goblet
jhcbeeen-1,AT2,0.5703,0.065,Distal epithelium
jhcccdff-1,AT1,0.5572,0.0039,AT2
jhchbflm-1,AT2,0.4859,0.0771,Distal epithelium
jhchjkie-1,AT2,0.4757,0.1161,AT1
jhchmfjm-1,AT2,0.5246,0.1051,AT1
jhcihlij-1,AT1,0.3669,0.0056,AT2
jhcjdpgn-1,AT2,0.5235,0.1586,AT1
jhcmhoal-1,AT2,0.4501,0.0315,Goblet
jhcmkmdj-1,AT2,0.5389,0.0306,AT1
jhcmpgbi-1,AT2,0.6259,0.109,AT1
jhcnlkpn-1,AT2,0.7162,0.148,AT1
jhdcolhd-1,AT2,0.2457,0.0487,Goblet
jhdecnij-1,AT2,0.4592,0.1033,AT1
jhdffblo-1,AT2,0.6533,0.1333,AT1
jhdfglki-1,AT2,0.5025,0.0424,AT1
jhdjdmjn-1,AT2,0.5368,0.0414,Distal epithelium
jhdklham-1,AT2,0.5208,0.1665,AT1
jhdnjfcj-1,Alveolar fibroblasts,0.4797,0.0039,AT2
jhfokdpg-1,AT2,0.5776,0.1873,Multiciliated
jhfomakk-1,AT2,0.3981,0.0895,Goblet
jhfpmgbb-1,AT2,0.5849,0.147,AT1
jhgaahgd-1,AT2,0.5092,0.0517,Distal epithelium
jhgdcpfh-1,Distal epithelium,0.3516,0.007,AT1
jhgdmlnl-1,AT2,0.4445,0.0629,AT1
jhgekglc-1,AT2,0.5656,0.1281,AT1
jhgffabp-1,AT2,0.4774,0.0968,AT1
jhgfgaci-1,AT2,0.5777,0.0977,AT1
jhhnaomk-1,AT2,0.5592,0.0691,AT1
jhhnlbdk-1,AT2,0.5632,0.133,AT1
jhhnmdhc-1,AT1,0.5929,0.0032,AT2
jhholgmn-1,AT2,0.5827,0.23,Multiciliated
jhhpkcig-1,AT2,0.4879,0.0569,AT1
jhhpkhkk-1,AT2,0.6165,0.0546,Distal epithelium
jhiagdoo-1,AT2,0.5953,0.0808,AT1
jhiajeco-1,AT2,0.746,0.1437,AT1
jhicodpn-1,Distal epithelium,0.499,0.0654,AT1
jhieafch-1,AT1,0.3776,0.0248,AT2
jhifbojp-1,AT2,0.6465,0.1506,AT1
jhijepah-1,AT2,0.4709,0.0388,Goblet
jhikbalb-1,AT2,0.6399,0.0913,AT1
jhinmeph-1,AT2,0.606,0.1064,AT1
jhinoffi-1,AT2,0.5419,0.1396,AT1
jhipelek-1,AT1,0.5515,0.0378,AT2
jhiphfei-1,AT2,0.471,0.0038,Lymphatic EC
jhipidgc-1,EC general capillary,0.3044,0.0366,EC venous
jhjbcgok-1,AT1,0.5727,0.0478,AT2
jhjiejmi-1,AT2,0.6752,0.1547,AT1
jhjjapin-1,AT2,0.7529,0.0154,AT1
jhjkgieb-1,AT2,0.4387,0.103,AT1
jhkacfap-1,AT2,0.5707,0.1915,AT1
jhkdellf-1,AT2,0.2985,0.0434,AT1
jhkgmkcn-1,AT2,0.4436,0.063,Alveolar fibroblasts
jhkgndeh-1,Alveolar fibroblasts,0.4635,0.046,Airway smooth muscle
jhkhopbk-1,AT2,0.4966,0.0187,AT1
jhkigjep-1,AT2,0.4409,0.028,T/NK cells
jhlbbgfl-1,AT2,0.346,0.0479,Distal epithelium
jhlbeckb-1,AT2,0.5662,0.1181,Multiciliated
jhlcapaa-1,AT2,0.6057,0.1418,Distal epithelium
jhlcjekc-1,AT2,0.5871,0.0562,AT1
jhngbipl-1,AT2,0.5526,0.1422,AT1
jhngllpa-1,AT2,0.4879,0.0805,AT1
jhnnbcja-1,AT2,0.6251,0.0892,Distal epithelium
jhoabiom-1,AT2,0.5,0.1696,AT1
jhodgpfl-1,AT2,0.5111,0.1061,Distal epithelium
jhofgmmb-1,AT2,0.4293,0.0428,Alveolar fibroblasts
jhofkpgo-1,AT2,0.4933,0.0415,AT1
jhoncfkb-1,AT2,0.5101,0.057,Alveolar fibroblasts
jhonkkge-1,AT2,0.4644,0.1621,AT1
jhonnjkb-1,AT2,0.3971,0.0446,Distal epithelium
jhoolpam-1,AT2,0.515,0.0133,AT1
jhoomoff-1,AT2,0.4784,0.1938,AT1
jhoomplk-1,AT2,0.5591,0.1861,AT1
jhopckfc-1,AT2,0.4815,0.0031,AT1
jhopmbbn-1,AT1,0.4926,0.0027,AT2
jhpgbcif-1,AT2,0.5638,0.1031,AT1
jiaabemg-1,AT2,0.4291,0.0307,AT1
jiaacoho-1,AT2,0.4198,0.1099,Alveolar fibroblasts
jiadpmid-1,AT2,0.4505,0.0002,AT1
jiagappn-1,Distal epithelium,0.4967,0.0409,AT2
jiagnijf-1,AT2,0.6758,0.073,AT1
jiaiilfe-1,AT2,0.4191,0.0508,Distal epithelium
jiaofgid-1,AT2,0.6091,0.1011,AT1
jibadopn-1,Distal epithelium,0.4095,0.0122,Alveolar fibroblasts
jibbidja-1,AT1,0.3843,0.0489,AT2
jibcefik-1,AT2,0.4795,0.0828,AT1
jibkpmeb-1,Alveolar fibroblasts,0.3554,0.0128,Airway smooth muscle
jicgbmdi-1,AT2,0.5106,0.1039,AT1
jichnhai-1,AT2,0.532,0.1333,AT1
jicjcndk-1,AT2,0.6693,0.1656,AT1
jicjnfee-1,AT2,0.6121,0.1242,AT1
jiclfjmg-1,AT2,0.44,0.0885,Distal epithelium
jicnafbm-1,AT2,0.6128,0.1547,AT1
jicoaial-1,AT1,0.5067,0.0324,AT2
jicofkfe-1,AT2,0.3943,0.139,Distal epithelium
jicogbmp-1,AT2,0.4588,0.042,EC venous
jidamknf-1,AT2,0.4069,0.0644,AT1
jiddiena-1,AT2,0.5117,0.1073,AT1
jidghadg-1,AT2,0.4775,0.1558,AT1
jidgmcpk-1,AT2,0.3314,0.1014,Airway smooth muscle
jidgmhae-1,AT2,0.5069,0.0066,Distal epithelium
jidgndfp-1,AT2,0.5512,0.0977,Distal epithelium
jienlhbi-1,Multiciliated,0.4925,0.0042,Goblet
jifelnpe-1,AT2,0.4569,0.095,AT1
jiffihlo-1,AT2,0.5791,0.1773,Distal epithelium
jifhakpg-1,AT2,0.3192,0.0192,AT1
jifhbnlm-1,AT2,0.4339,0.0842,Airway smooth muscle
jifkeoec-1,AT2,0.4784,0.1365,EC venous
jifkfelo-1,AT2,0.234,0.0685,Multiciliated
jifpclbc-1,AT2,0.4461,0.0877,AT1
jigblakk-1,AT2,0.4413,0.098,Distal epithelium
jigfaflh-1,AT2,0.4902,0.1313,AT1
jigfoopa-1,AT2,0.542,0.1549,AT1
jiggccjb-1,AT2,0.5543,0.0793,AT1
jiggcmmk-1,AT2,0.4907,0.085,Distal epithelium
jiggdgae-1,Adventitial fibroblasts,0.2959,0.0082,Airway smooth muscle
jigjmdog-1,AT2,0.5272,0.1142,Distal epithelium
jigkcmlk-1,Distal epithelium,0.4258,0.0262,Multiciliated
jignjogb-1,AT2,0.6038,0.1839,Distal epithelium
jignnchn-1,AT2,0.698,0.1597,AT1
jignodjd-1,AT2,0.493,0.0289,AT1
jignpchi-1,AT2,0.434,0.0844,Distal epithelium
jihdpnon-1,AT2,0.6527,0.2644,Distal epithelium
jihgjngi-1,AT2,0.5644,0.127,Multiciliated
jihgknck-1,AT2,0.3931,0.052,AT1
jihmgnkc-1,AT1,0.2739,0.0004,Distal epithelium
jihpjhod-1,AT2,0.383,0.0746,AT1
jiibbmne-1,AT2,0.5387,0.1174,AT1
jiicgkfd-1,AT1,0.4303,0.0409,AT2
jiicniph-1,AT2,0.5183,0.1169,Distal epithelium
jiidcaji-1,Alveolar fibroblasts,0.4752,0.0131,Distal epithelium
jiidcgol-1,AT2,0.3154,0.0792,Goblet
jiiehcpm-1,AT2,0.5834,0.1204,Goblet
jiiejafl-1,Airway smooth muscle,0.5627,0.0151,Alveolar fibroblasts
jiiejdci-1,AT2,0.3776,0.0181,Multiciliated
jiifcjoj-1,Alveolar fibroblasts,0.4239,0.0019,Airway smooth muscle
jijafejg-1,Interstitial macrophages,0.2161,0.0524,Schwann cells
jijcjdbk-1,AT2,0.4386,0.1229,AT1
jijdhiop-1,AT2,0.4456,0.0877,Distal epithelium
jijhdcjj-1,AT2,0.5796,0.2386,Distal epithelium
jijldfme-1,AT2,0.6332,0.1184,AT1
jikcpcdo-1,AT2,0.61,0.0737,Distal epithelium
jikebpfh-1,AT2,0.6177,0.1495,Distal epithelium
jikemlbk-1,AT2,0.5274,0.0539,AT1
jikfecjp-1,AT2,0.4535,0.0543,Multiciliated
jikfmlkl-1,AT2,0.4804,0.0278,Alveolar fibroblasts
jikmobpg-1,AT2,0.4845,0.1005,AT1
jilimnad-1,AT2,0.4766,0.1312,AT1
jiljpjif-1,AT2,0.6251,0.1191,AT1
jilpccnj-1,AT2,0.5117,0.0413,Distal epithelium
jimebagh-1,AT2,0.513,0.1278,AT1
jimffode-1,AT2,0.4345,0.0188,T/NK cells
jimhmndk-1,AT2,0.4152,0.0209,Airway smooth muscle
jimiibaa-1,AT2,0.4441,0.161,AT1
jimjbkdb-1,AT2,0.3614,0.048,Distal epithelium
jimpeobk-1,AT2,0.4818,0.0161,Distal epithelium
jinenbgj-1,AT2,0.5003,0.0471,AT1
jineopbj-1,AT2,0.4191,0.1583,AT1
jinopmld-1,AT2,0.5861,0.1313,Distal epithelium
jiocpljd-1,AT2,0.3457,0.0212,Distal epithelium
jiodahok-1,AT1,0.3958,0.0311,AT2
jiodlaef-1,AT1,0.6474,0.0337,AT2
jiofhdjd-1,AT2,0.6068,0.2517,AT1
jiofjaed-1,AT2,0.3972,0.0891,AT1
jiofohch-1,AT2,0.4341,0.169,Distal epithelium
jioiache-1,AT2,0.3967,0.0913,Distal epithelium
jioicefg-1,AT2,0.4837,0.0634,AT1
jipbcadm-1,AT2,0.5405,0.0549,Distal epithelium
jipbgnmh-1,AT1,0.4601,0.0075,AT2
jipcomoa-1,AT2,0.508,0.0461,Distal epithelium
jipiepig-1,EC venous,0.3541,0.0191,EC general capillary
jipifdla-1,Distal epithelium,0.4226,0.0292,AT2
jjafkefe-1,AT2,0.3929,0.1485,AT1
jjafmbhg-1,T/NK cells,0.2704,0.0394,B cells
jjajcpop-1,AT2,0.4995,0.1021,Goblet
jjamolel-1,AT2,0.4726,0.117,AT1
jjanlfhh-1,AT2,0.5068,0.0427,Distal epithelium
jjaoejej-1,AT2,0.568,0.146,Distal epithelium
jjbababf-1,AT2,0.486,0.0651,Multiciliated
jjbaefma-1,AT2,0.528,0.0969,Distal epithelium
jjbbbnbi-1,AT2,0.549,0.173,AT1
jjbbeafj-1,AT2,0.523,0.1339,AT1
jjbbimoo-1,AT2,0.5383,0.1381,Distal epithelium
jjbccben-1,AT2,0.4083,0.1072,Schwann cells
jjbeabad-1,AT2,0.3999,0.0113,Distal epithelium
jjbhekei-1,AT2,0.4651,0.0959,Distal epithelium
jjbiikon-1,Distal epithelium,0.4334,0.0421,AT2
jjbjdlpe-1,AT2,0.609,0.1122,Distal epithelium
jjbliljn-1,AT2,0.5381,0.0917,AT1
jjbmhecm-1,AT2,0.4265,0.0593,Multiciliated
jjbmkhih-1,AT2,0.5076,0.0768,Distal epithelium
jjboicdo-1,AT2,0.4089,0.0773,Alveolar fibroblasts
jjceocjl-1,AT2,0.6074,0.1452,AT1
jjcinpdg-1,AT2,0.4645,0.0394,AT1
jjdbbkgj-1,AT2,0.5393,0.1086,AT1
jjdbbogn-1,AT2,0.4253,0.1007,AT1
jjdbcloo-1,AT2,0.5309,0.139,AT1
jjdbnlep-1,AT2,0.5834,0.1686,AT1
jjdhajbb-1,AT2,0.4188,0.029,AT1
jjdjielk-1,AT2,0.6492,0.0323,AT1
jjdkngoc-1,AT2,0.5444,0.0409,AT1
jjeclfkp-1,AT2,0.5888,0.1104,AT1
jjecmlcd-1,AT2,0.6058,0.0081,AT1
jjefphef-1,AT2,0.3133,0.029,AT1
jjegjadd-1,AT2,0.5717,0.1483,AT1
jjelhkac-1,AT2,0.4325,0.0638,Goblet
jjemahfa-1,EC aerocyte capillary,0.5989,0.0068,EC venous
jjemnhgb-1,AT2,0.5088,0.1466,AT1
jjeoakdp-1,AT2,0.6167,0.149,AT1
jjeoolaa-1,AT2,0.6195,0.2098,AT1
jjfaammh-1,Distal epithelium,0.395,0.0161,AT2
jjfamljl-1,AT2,0.4072,0.0551,AT1
jjfcnpgp-1,AT2,0.4147,0.0294,AT1
jjfgfmdi-1,AT2,0.3804,0.0272,AT1
jjfgjcnb-1,Distal epithelium,0.4146,0.0017,AT2
jjfhbkfa-1,Alveolar fibroblasts,0.3647,0.0174,AT2
jjgadbjh-1,AT2,0.6738,0.1584,Goblet
jjgbbnmb-1,AT2,0.5366,0.1244,Goblet
jjgcmkne-1,AT2,0.5138,0.0815,Distal epithelium
jjgdmgcp-1,AT2,0.618,0.1332,Distal epithelium
jjgkapod-1,AT2,0.4767,0.0468,Distal epithelium
jjgmjlgl-1,AT2,0.5843,0.1103,Distal epithelium
jjgmopel-1,AT1,0.5218,0.0289,AT2
jjgnaibg-1,AT2,0.554,0.0814,Distal epithelium
jjgncdhp-1,AT2,0.5875,0.1204,AT1
jjgnhjoh-1,AT1,0.4781,0.0022,AT2
jjgphofd-1,AT2,0.35,0.0096,Interstitial macrophages
jjhaehlk-1,AT2,0.5509,0.162,AT1
jjhblaog-1,AT2,0.5283,0.1111,AT1
jjhicnie-1,AT2,0.5611,0.0579,AT1
jjhicomk-1,AT2,0.525,0.1075,AT1
jjhklhno-1,AT2,0.4543,0.0974,AT1
jjhkllcb-1,Goblet,0.4145,0.0047,AT2
jjhlbjdf-1,AT2,0.5619,0.159,Basal
jjhpapjn-1,AT2,0.5109,0.1236,Distal epithelium
jjidgkif-1,AT2,0.5582,0.14,Distal epithelium
jjiefkmf-1,AT2,0.5745,0.1455,AT1
jjieibgn-1,AT2,0.4872,0.0401,AT1
jjijfnap-1,AT1,0.2998,0.0034,AT2
jjimnebp-1,EC venous,0.3964,0.0103,EC aerocyte capillary
jjiolhid-1,AT2,0.4666,0.053,AT1
jjjddfnf-1,Airway smooth muscle,0.3643,0.0089,AT2
jjjhdjio-1,Distal epithelium,0.1443,0.02,Goblet
jjjibaak-1,AT2,0.5182,0.0832,Goblet
jjjkniin-1,AT2,0.5611,0.0913,AT1
jjjlcekk-1,Goblet,0.5207,0.0169,Multiciliated
jjjlhmkh-1,AT2,0.4463,0.048,AT1
jjjmeijc-1,AT2,0.4199,0.0318,Distal epithelium
jjjobnci-1,AT1,0.3741,0.1141,AT2
jjkffhga-1,AT2,0.5395,0.1142,Distal epithelium
jjkgodbf-1,AT2,0.4977,0.0599,AT1
jjkgppjb-1,AT2,0.4894,0.0511,AT1
jjlaoead-1,Multiciliated,0.4245,0.0194,Goblet
jjleehlf-1,Multiciliated,0.3955,0.026,Alveolar fibroblasts
jjljdphh-1,AT2,0.5282,0.1636,AT1
jjloniaj-1,AT2,0.5178,0.1071,Distal epithelium
jjlpcfpg-1,AT2,0.4806,0.0912,AT1
jjlpfndc-1,AT2,0.5846,0.1242,AT1
jjmahhlf-1,AT2,0.2964,0.0477,T/NK cells
jjmajjoc-1,AT2,0.5105,0.0948,AT1
jjmdajjp-1,AT2,0.3898,0.1302,AT1
jjmdfgcm-1,AT2,0.702,0.2477,Distal epithelium
jjmdgdbc-1,AT2,0.4546,0.1687,Distal epithelium
jjmdklck-1,AT2,0.6955,0.2121,Distal epithelium
jjmeocpb-1,AT2,0.5908,0.1777,Distal epithelium
jjmepkfm-1,Distal epithelium,0.3892,0.0065,Basal
jjmffnph-1,AT2,0.604,0.1981,Distal epithelium
jjmggjdb-1,AT2,0.4341,0.0487,Distal epithelium
jjmnoifm-1,AT2,0.5205,0.0993,Distal epithelium
jjmnpghc-1,AT2,0.5025,0.1059,Multiciliated
jjmpbplc-1,AT2,0.5377,0.1947,Distal epithelium
jjmphcom-1,AT2,0.5095,0.1646,AT1
jjmpilpb-1,AT2,0.6629,0.1907,Distal epithelium
jjnadigh-1,AT2,0.7977,0.2674,AT1
jjnakfoh-1,AT2,0.6208,0.2206,Distal epithelium
jjnflcfp-1,AT2,0.3472,0.0315,AT1
jjnfnehh-1,AT2,0.5015,0.1323,AT1
jjnghggc-1,AT2,0.4582,0.1119,Distal epithelium
jjnglnpc-1,AT2,0.604,0.1664,Distal epithelium
jjnhpaaa-1,AT2,0.472,0.0916,Distal epithelium
jjniimpk-1,AT2,0.5623,0.1539,Distal epithelium
jjnlddja-1,AT2,0.5984,0.1072,Distal epithelium
jjnlkaha-1,AT2,0.6027,0.0632,AT1
jjnonenp-1,AT2,0.5547,0.132,Distal epithelium
jjoapgjg-1,AT2,0.5006,0.153,AT1
jjoeencm-1,AT2,0.1495,0.0838,AT1
jjoefflb-1,AT2,0.6267,0.1738,Distal epithelium
jjogfghb-1,AT2,0.4777,0.0057,AT1
jjojeadm-1,AT2,0.2811,0.0476,AT1
jjokbook-1,AT2,0.4847,0.0817,AT1
jjomglbe-1,AT2,0.4851,0.0213,AT1
jjoobpkk-1,AT2,0.5959,0.17,AT1
jjpjnfee-1,T/NK cells,0.3056,0.0279,B cells
jkacajkj-1,AT1,0.3713,0.0139,AT2
jkacapbb-1,AT2,0.6442,0.1717,AT1
jkbafjhc-1,AT2,0.5803,0.1553,AT1
jkbcfoik-1,AT2,0.5947,0.0665,AT1
jkbcnflb-1,AT2,0.5577,0.1299,Distal epithelium
jkbdgpej-1,AT2,0.333,0.0269,Goblet
jkbilfaa-1,AT2,0.5099,0.1288,AT1
jkbmeeni-1,AT2,0.6533,0.1286,Distal epithelium
jkbmjhfo-1,AT2,0.5636,0.218,AT1
jkbnfkoi-1,AT2,0.5304,0.0721,Distal epithelium
jkboahfl-1,AT2,0.6231,0.1174,Multiciliated
jkbpbomg-1,AT2,0.5821,0.0565,AT1
jkbpdmjn-1,AT2,0.4643,0.1194,Distal epithelium
jkcehjic-1,AT2,0.5532,0.1637,AT1
jkcgohdf-1,AT2,0.6333,0.1091,Distal epithelium
jkchkhad-1,AT2,0.5462,0.0189,AT1
jkcjhnpj-1,AT2,0.4489,0.1504,AT1
jkcjoejj-1,AT2,0.5178,0.0967,AT1
jkcnhblp-1,AT2,0.4528,0.1307,AT1
jkcofccj-1,AT2,0.4787,0.1455,Multiciliated
jkdbklll-1,AT2,0.3345,0.0254,Distal epithelium
jkdceeig-1,AT2,0.5135,0.0427,Multiciliated
jkdeckfg-1,AT2,0.4386,0.1594,AT1
jkdialej-1,AT2,0.6033,0.1531,AT1
jkdiebch-1,AT2,0.4798,0.0252,AT1
jkdmngcn-1,AT2,0.6475,0.1662,AT1
jkdoegon-1,AT2,0.498,0.0211,AT1
jkdomlho-1,AT2,0.4856,0.15,AT1
jkepfkfi-1,AT2,0.5504,0.115,Distal epithelium
jkepfmld-1,AT2,0.5994,0.136,Distal epithelium
jkepkfee-1,AT2,0.558,0.1306,Distal epithelium
jkfbbmoc-1,AT2,0.5286,0.1106,AT1
jkfgdhod-1,AT2,0.3843,0.1024,AT1
jkfgikfj-1,AT2,0.551,0.1183,Distal epithelium
jkfgjiki-1,AT2,0.5299,0.0828,T/NK cells
jkfgkfjd-1,AT2,0.686,0.1741,AT1
jkfhlaoo-1,AT2,0.4898,0.0639,Distal epithelium
jkfhmjbj-1,AT2,0.6806,0.1196,AT1
jkfjpadn-1,AT2,0.5261,0.1792,AT1
jkghchhn-1,AT2,0.6488,0.1712,AT1
jkgjdima-1,AT2,0.6194,0.1216,AT1
jkgnenjb-1,AT2,0.6198,0.2004,AT1
jkgnhdbd-1,AT1,0.3234,0.0036,AT2
jkhamgod-1,AT2,0.5072,0.0928,Multiciliated
jkhchkoh-1,Alveolar fibroblasts,0.3901,0.0186,Basal
jkhffkja-1,AT2,0.5999,0.0958,AT1
jkhiloej-1,AT2,0.6035,0.0987,AT1
jkhkilkb-1,EC venous,0.4417,0.0341,AT2
jkhkkekl-1,Multiciliated,0.2764,0.0043,Basal
jkhklngj-1,AT2,0.3465,0.0721,Distal epithelium
jkhlipac-1,AT2,0.2936,0.0598,T/NK cells
jkhljphd-1,AT2,0.4513,0.1587,AT1
jkiaiahg-1,AT2,0.5491,0.0934,Distal epithelium
jkiempfk-1,AT2,0.4316,0.0544,AT1
jkiikmoi-1,AT2,0.498,0.07,AT1
jkimomhh-1,AT2,0.4288,0.1029,AT1
jkiongab-1,AT2,0.5783,0.095,AT1
jkjabbae-1,AT2,0.4767,0.0407,AT1
jkjcikok-1,AT1,0.4848,0.0246,Distal epithelium
jkjgcjdn-1,AT1,0.4189,0.0199,Distal epithelium
jkjjdmle-1,AT2,0.5316,0.0426,AT1
jkjmfbie-1,AT2,0.3474,0.0139,Alveolar fibroblasts
jkjmkfja-1,Alveolar fibroblasts,0.379,0.0164,Airway smooth muscle
jkkdcnmd-1,Lymphatic EC,0.3046,0.0095,AT2
jkklddoh-1,AT2,0.4794,0.0834,Goblet
jkklemna-1,AT2,0.6043,0.1992,Distal epithelium
jkklfadp-1,AT2,0.5195,0.1438,AT1
jkklijkh-1,AT1,0.2766,0.0143,AT2
jkklkcje-1,AT1,0.5358,0.0179,AT2
jkklmldb-1,AT2,0.3861,0.0434,Multiciliated
jkkpgnjk-1,AT2,0.6619,0.2303,AT1
jklaacmg-1,AT2,0.4127,0.1506,AT1
jkldbkba-1,AT2,0.5757,0.0145,AT1
jkldlajn-1,AT2,0.4249,0.1301,Distal epithelium
jklljjjl-1,AT2,0.615,0.0236,AT1
jklmapbf-1,AT2,0.5479,0.1081,AT1
jklpbgfb-1,AT1,0.4615,0.0027,AT2
jkmaljno-1,AT2,0.1884,0.0729,Alveolar fibroblasts
jkmflccm-1,AT1,0.4631,0.03,AT2
jkmhhfmm-1,AT2,0.3543,0.0316,AT1
jkmihnkm-1,AT2,0.6085,0.1597,AT1
jkmipnjf-1,AT2,0.5578,0.0826,AT1
jkmkfomg-1,AT2,0.4512,0.0737,Alveolar fibroblasts
jlhplhcn-1,AT2,0.4408,0.1053,Multiciliated
jliahclk-1,AT2,0.6535,0.2396,Distal epithelium
jlidbcee-1,AT2,0.3329,0.0177,Distal epithelium
jliddnmj-1,T/NK cells,0.4301,0.0136,AT2
jlidjini-1,AT2,0.536,0.0164,Distal epithelium
jliffffm-1,AT2,0.4752,0.0486,AT1
jliicihj-1,AT1,0.3645,0.0335,Distal epithelium
jliiicak-1,AT2,0.4446,0.0282,Alveolar fibroblasts
jlimmodf-1,AT2,0.4364,0.1562,AT1
jlimpchb-1,EC venous,0.4895,0.0286,EC aerocyte capillary
jlinfopf-1,AT2,0.4455,0.0843,AT1
jliobcic-1,AT2,0.6616,0.1319,AT1
jljcbdbc-1,Distal epithelium,0.4155,0.0236,Airway smooth muscle
jljinihg-1,AT2,0.5049,0.1722,AT1
jljjfjih-1,AT2,0.51,0.1149,T/NK cells
jljlpkmi-1,AT2,0.3682,0.034,Distal epithelium
jlkcoloo-1,AT2,0.49,0.009,AT1
jlkdaoja-1,Distal epithelium,0.5306,0.0058,AT2
jlkdjblb-1,AT2,0.4453,0.0633,AT1
jlkeipeh-1,AT2,0.5808,0.1849,AT1
jlkgabfa-1,AT2,0.448,0.1034,Distal epithelium
jlkhaaja-1,AT2,0.6661,0.1515,AT1
jlkinkpi-1,AT2,0.3743,0.0397,Alveolar fibroblasts
jlklbgid-1,AT2,0.5073,0.0145,Distal epithelium
jlklcmoi-1,AT2,0.578,0.067,AT1
jlkljgep-1,AT2,0.4927,0.1311,Distal epithelium
jlkmbooi-1,EC venous,0.3434,0.0107,Alveolar fibroblasts
jlkmfien-1,AT2,0.5385,0.1341,AT1
jlkolnfo-1,AT2,0.475,0.1109,Distal epithelium
jlldfcdi-1,Distal epithelium,0.4338,0.005,AT2
jllfekba-1,AT2,0.641,0.1069,AT1
jllfflnb-1,AT2,0.5211,0.0925,Multiciliated
jllgpceh-1,AT2,0.5939,0.1144,AT1
jllhcgkd-1,AT2,0.5074,0.1105,AT1
jllhdgen-1,AT2,0.3719,0.0913,AT1
jllidhmn-1,AT2,0.627,0.1305,AT1
jllijgjj-1,AT2,0.5649,0.0593,AT1
jllliioo-1,AT2,0.3393,0.1197,EC venous
jllmafnd-1,Distal epithelium,0.5305,0.0045,AT1
jllmngam-1,AT2,0.6238,0.2054,Goblet
jllpjbpc-1,AT1,0.4307,0.0036,Airway smooth muscle
jlmakhil-1,AT1,0.414,0.0159,Distal epithelium
jlmfjbmj-1,AT2,0.6523,0.0177,AT1
jlmfpcjn-1,AT2,0.4511,0.0013,AT1
jlmgbbkm-1,AT2,0.5901,0.0752,Distal epithelium
jlmgdlaa-1,AT2,0.5497,0.0697,AT1
jlmkjhik-1,AT1,0.3988,0.0202,AT2
jlmljfnj-1,AT2,0.4224,0.0732,Goblet
jlnikmgg-1,AT2,0.5443,0.1255,AT1
jlnjbegf-1,AT2,0.4258,0.0096,AT1
jlnjbifn-1,AT2,0.5954,0.1234,AT1
jlnjlmch-1,AT2,0.5715,0.1126,Multiciliated
jlnnnlln-1,AT2,0.584,0.1552,Multiciliated
jlnpcfib-1,AT2,0.4582,0.0724,Multiciliated
jlnpffan-1,AT2,0.5536,0.1296,Distal epithelium
jlobmpea-1,AT2,0.5115,0.0216,AT1
jloicbpb-1,AT2,0.5453,0.0903,Distal epithelium
jloiddcc-1,AT2,0.6093,0.1557,Alveolar fibroblasts
jloihpfa-1,AT2,0.358,0.0387,AT1
jloijfnn-1,AT2,0.4743,0.0983,Distal epithelium
jlokflpg-1,AT2,0.518,0.0,AT1
jlolkcim-1,AT2,0.2805,0.0542,AT1
jlpbglfi-1,AT2,0.4503,0.0913,Distal epithelium
jlpbieli-1,AT2,0.5112,0.0527,AT1
jlpbnpkf-1,Distal epithelium,0.3675,0.0274,AT1
jlpcejdm-1,AT2,0.3951,0.0166,Goblet
jlpdhajh-1,AT2,0.4504,0.1474,AT1
jlpeoegn-1,AT2,0.4936,0.0122,Alveolar fibroblasts
jlphkopk-1,AT1,0.5696,0.0248,Alveolar fibroblasts
jlpidkel-1,AT2,0.4878,0.1573,Multiciliated
jlpjnhen-1,AT2,0.5971,0.1738,Distal epithelium
jlpllnok-1,AT2,0.5836,0.0491,AT1
jmcncfme-1,AT2,0.3761,0.1519,AT1
jmcnkhjf-1,AT2,0.4961,0.0417,AT1
jmdbhdga-1,AT2,0.5767,0.0627,Goblet
jmdclmbf-1,AT2,0.4996,0.0889,Distal epithelium
jmddfbbm-1,AT2,0.3885,0.0676,AT1
jmddkdmg-1,AT2,0.5386,0.1933,Distal epithelium
jmdfdnan-1,AT2,0.4671,0.135,Distal epithelium
jmdhblbk-1,AT2,0.4556,0.1198,Multiciliated
jmdhmbni-1,AT2,0.4445,0.0881,AT1
jmdimlon-1,AT2,0.3936,0.0317,AT1
jmdmjmcd-1,AT2,0.5989,0.0806,AT1
jmdndclo-1,AT2,0.5319,0.1581,AT1
jmdoelki-1,AT2,0.4539,0.0321,Distal epithelium
jmdogfmp-1,AT2,0.4605,0.1349,AT1
jmeaabkl-1,AT2,0.51,0.1615,AT1
jmeagpnf-1,AT2,0.2179,0.0531,Schwann cells
jmebgaee-1,AT2,0.5756,0.1548,Distal epithelium
jmebglef-1,AT2,0.5137,0.0676,AT1
jmebmmbb-1,AT2,0.527,0.1135,AT1
jmecbjam-1,AT2,0.4522,0.1205,AT1
jmedbcca-1,AT2,0.5966,0.0923,AT1
jmefbgbd-1,AT2,0.4421,0.0507,Multiciliated
jmefbpgm-1,AT2,0.5458,0.0794,AT1
jmeinmkh-1,AT2,0.5596,0.1493,AT1
jmejhifd-1,AT2,0.5903,0.1282,AT1
jmelajpd-1,AT2,0.5054,0.0095,AT1
jmgfimod-1,Multiciliated,0.2989,0.0453,Basal
jmhepafp-1,AT2,0.2207,0.0248,Distal epithelium
jmhhkgeb-1,AT2,0.5232,0.1122,Distal epithelium
jmkeaepk-1,Goblet,0.4048,0.0291,Basal
jmmdaabm-1,AT2,0.5361,0.0254,Distal epithelium
jmmgmfog-1,AT2,0.359,0.0426,Distal epithelium
jmmkgmpe-1,AT2,0.3866,0.0091,Distal epithelium
jmmkjjkm-1,AT2,0.4301,0.0246,Multiciliated
jmmkobbh-1,AT2,0.5073,0.0521,Distal epithelium
jmngolop-1,AT2,0.5835,0.0544,AT1
jmnpkakf-1,Basal,0.3248,0.0038,Distal epithelium
jmomnngo-1,Distal epithelium,0.4381,0.0209,AT1
jmonaane-1,AT2,0.5547,0.1379,Distal epithelium
jmoopafb-1,AT2,0.4962,0.0892,Distal epithelium
jmpbplan-1,AT2,0.6452,0.1373,AT1
jmpcbepd-1,AT2,0.4088,0.0148,AT1
jmpdgjbf-1,AT2,0.4909,0.1124,AT1
jmpffbda-1,AT2,0.5742,0.0996,AT1
jmphcmfo-1,AT2,0.4955,0.0544,Distal epithelium
jmphfjda-1,AT2,0.5757,0.151,Distal epithelium
jmpifjfh-1,AT2,0.5694,0.241,AT1
jmpihpll-1,AT2,0.4355,0.0364,Distal epithelium
jmplbeod-1,AT2,0.5987,0.1716,AT1
jmplhmpg-1,AT2,0.5365,0.1127,AT1
jmpnfijo-1,AT2,0.5345,0.2025,AT1
jmpnfmod-1,AT2,0.5018,0.1036,Distal epithelium
jmpocieo-1,AT2,0.6745,0.1652,AT1
jmpofaci-1,AT2,0.2485,0.0219,Goblet
jmpofkmf-1,AT2,0.5623,0.1497,Distal epithelium
jmppfadk-1,AT2,0.5706,0.0437,AT1
jnabjmgm-1,AT2,0.4828,0.0552,AT1
jnabldnl-1,AT2,0.3263,0.0981,Multiciliated
jnachkec-1,AT2,0.6028,0.14,AT1
jnacnfcb-1,AT2,0.3623,0.0222,AT1
jnadcafi-1,AT2,0.6176,0.1279,AT1
jnadhkkf-1,AT2,0.6757,0.2009,Multiciliated
jnaeadjh-1,AT2,0.559,0.0721,Multiciliated
jnahgeoi-1,AT2,0.6214,0.1478,Distal epithelium
jnaihcgp-1,AT2,0.6038,0.1895,AT1
jnaijpnb-1,AT2,0.6831,0.0515,AT1
jnamnhif-1,AT2,0.5323,0.1128,AT1
jnaphlil-1,Airway smooth muscle,0.372,0.0252,Alveolar fibroblasts
jnbbnjfo-1,AT2,0.5007,0.0702,Distal epithelium
jnbcieec-1,AT2,0.5088,0.0372,Distal epithelium
jnchapeb-1,AT2,0.5543,0.0937,Distal epithelium
jnckdkii-1,AT2,0.5966,0.0954,Distal epithelium
jnckfjek-1,AT2,0.3881,0.0126,AT1
jncknijc-1,AT2,0.454,0.1163,Distal epithelium
jnckpobl-1,AT2,0.5952,0.1399,Distal epithelium
jncldddk-1,AT2,0.5149,0.081,AT1
jncleeag-1,AT2,0.6071,0.048,AT1
jncleeko-1,AT1,0.4739,0.0326,AT2
jncmpbmd-1,T/NK cells,0.4365,0.0098,Basal
jndcenej-1,AT2,0.5188,0.1779,AT1
jnddimpd-1,AT2,0.6509,0.0516,Distal epithelium
jndffmif-1,AT2,0.4355,0.1128,Distal epithelium
jndipedk-1,AT2,0.4814,0.1336,T/NK cells
jndmikml-1,AT1,0.485,0.0115,AT2
jndnabkl-1,AT2,0.2568,0.0903,AT1
jndnbefg-1,AT1,0.421,0.0047,AT2
jndnmnpm-1,AT2,0.3532,0.0343,Multiciliated
jndoeddd-1,AT2,0.4897,0.0972,Multiciliated
jnegbpkk-1,AT2,0.5906,0.2206,Distal epithelium
jnekfppm-1,AT1,0.5145,0.0588,AT2
jneolmbp-1,AT2,0.4099,0.0134,AT1
jnfbnoje-1,Distal epithelium,0.419,0.0286,Alveolar fibroblasts
jnfihldb-1,AT2,0.3606,0.0293,AT1
jngbkdhh-1,AT2,0.4483,0.1093,Distal epithelium
jngbmclh-1,AT2,0.3999,0.0128,AT1
jngdijod-1,AT2,0.5697,0.0488,AT1
jngdjbia-1,AT2,0.4471,0.029,Distal epithelium
jngdpdlf-1,AT2,0.4921,0.1044,AT1
jngfhibi-1,Lymphatic EC,0.3576,0.0884,EC aerocyte capillary
jnghcclg-1,AT2,0.5126,0.1217,Distal epithelium
jngjfehe-1,AT2,0.5367,0.1809,AT1
jngllnnp-1,AT2,0.498,0.0925,Multiciliated
jnhfbbkb-1,AT2,0.4181,0.0779,AT1
jnhghgcc-1,AT2,0.5097,0.025,Distal epithelium
jnhhbgmc-1,AT2,0.3906,0.087,AT1
jnhiifeb-1,AT2,0.4433,0.0909,Distal epithelium
jnhjggll-1,AT2,0.4769,0.0783,Basal
jnhjjbel-1,AT2,0.2699,0.1142,Goblet
jnhlfean-1,AT2,0.5074,0.1185,Distal epithelium
jniimpka-1,AT2,0.4761,0.0674,AT1
jninfggo-1,AT2,0.4724,0.0447,Distal epithelium
jnoamjma-1,AT2,0.4976,0.1644,AT1
jnoilkpb-1,AT2,0.5384,0.105,AT1
jnojclfo-1,AT2,0.3675,0.0585,AT1
jnokcoge-1,AT2,0.5275,0.0699,Distal epithelium
jnomemno-1,Goblet,0.4686,0.03,Distal epithelium
jnpaiamn-1,Alveolar fibroblasts,0.4617,0.0337,Airway smooth muscle
jnpajjho-1,AT2,0.4166,0.0076,AT1
joaoajhp-1,AT2,0.4607,0.0783,Goblet
jobabjkl-1,AT2,0.5216,0.068,Distal epithelium
jobadkic-1,AT2,0.3878,0.0858,AT1
jocjnoec-1,Lymphatic EC,0.2926,0.0063,Goblet
jppjekhb-1,Distal epithelium,0.4479,0.0304,Multiciliated
kabnfdkk-1,AT2,0.3117,0.134,AT1
kabnhiho-1,Distal epithelium,0.2725,0.027,AT2
kaoleaid-1,AT2,0.4567,0.1177,T/NK cells
kbdkkcbd-1,AT1,0.6975,0.0516,AT2
kcaaoaid-1,AT2,0.3096,0.0812,Neutrophils
kcefddhl-1,AT2,0.5577,0.028,Distal epithelium
kckbjmam-1,AT2,0.3912,0.0294,AT1
kdgicegb-1,AT1,0.411,0.0549,AT2
kdicihjl-1,AT2,0.4202,0.0689,AT1
kdpocagn-1,AT2,0.2602,0.0123,AT1
kdpoknnc-1,AT2,0.5154,0.0027,Multiciliated
kfijlhpf-1,Distal epithelium,0.7286,0.1032,Basal
khgjhbco-1,Distal epithelium,0.5756,0.1528,Basal
klgdnlnh-1,Distal epithelium,0.7734,0.1133,Basal
kllimdkd-1,Multiciliated,0.3077,0.0388,Distal epithelium
kmanboic-1,Distal epithelium,0.4762,0.1472,Multiciliated
kmfiejaf-1,Distal epithelium,0.7849,0.1472,Basal
knlhmaee-1,Distal epithelium,0.656,0.1378,Basal
knnadcem-1,Distal epithelium,0.6664,0.148,Basal
laibmkbp-1,Distal epithelium,0.6089,0.1388,AT1
lblphnpc-1,Distal epithelium,0.6132,0.0948,Alveolar fibroblasts
ldhdfdjh-1,AT2,0.3188,0.0148,Plasma cells
lgomhfco-1,Distal epithelium,0.5212,0.0471,T/NK cells
llppomho-1,Distal epithelium,0.5782,0.0716,Basal
lmbapgbl-1,Distal epithelium,0.4667,0.0253,AT1
lmeaddgd-1,AT1,0.6316,0.0745,Distal epithelium
lmeaomif-1,Distal epithelium,0.5675,0.0316,Multiciliated
lmfpgjkk-1,AT1,0.5034,0.0534,AT2
lmfpjbpe-1,Distal epithelium,0.1344,0.0194,AT1
lmgkpckg-1,AT1,0.339,0.047,AT2
lnfcjich-1,AT2,0.5115,0.0609,AT1
lngdapno-1,AT1,0.5507,0.0277,Distal epithelium
lnjmhhip-1,AT2,0.5472,0.0706,Distal epithelium
lnjmjmlp-1,AT2,0.45,0.0434,Goblet
lnjmplbf-1,AT2,0.5193,0.0279,T/NK cells
lnjnbiod-1,AT2,0.5254,0.0529,Multiciliated
lnkjbnmd-1,AT2,0.5981,0.0883,Goblet
lnkolkcg-1,Goblet,0.3731,0.0342,AT2
lnlahcgm-1,AT2,0.5411,0.1253,Multiciliated
lnlbhiil-1,Goblet,0.407,0.0457,AT1
lnlmoojl-1,AT2,0.595,0.1209,Goblet
lnmdapei-1,AT2,0.6244,0.1045,Distal epithelium
lnmlakip-1,AT2,0.6772,0.1998,Goblet
lnmlanlk-1,AT2,0.6913,0.1963,AT1
lnmleiim-1,AT2,0.4438,0.0619,Goblet
lnmlgemc-1,AT2,0.4604,0.0412,Goblet
lnmmlhpo-1,AT2,0.64,0.1462,Goblet
lnndadmn-1,AT2,0.6636,0.177,AT1
lnnddijo-1,AT2,0.6684,0.2019,Goblet
lnnngnof-1,AT2,0.6306,0.1301,Distal epithelium
lnnnhddn-1,AT2,0.5598,0.0945,Goblet
lnnnhfkd-1,AT2,0.4712,0.0313,T/NK cells
lnpocanm-1,AT2,0.3831,0.0073,T/NK cells
lnppinin-1,AT2,0.7506,0.2727,Goblet
loabomnk-1,AT2,0.6953,0.2075,Goblet
loacmpkc-1,AT2,0.4778,0.1265,Airway smooth muscle
loaelagh-1,AT2,0.6422,0.1889,Goblet
loalaake-1,AT2,0.6684,0.156,Goblet
loblhpib-1,AT2,0.6209,0.1422,Goblet
lobmfbfl-1,AT2,0.5553,0.0013,Goblet
loglpcef-1,AT2,0.5898,0.0954,Goblet
logmdeho-1,Goblet,0.5597,0.0143,AT2
lohbjimb-1,AT2,0.491,0.0223,Multiciliated
lohbmacp-1,Goblet,0.5453,0.0231,AT2
lohimkae-1,AT2,0.605,0.0011,Goblet
lpofhplm-1,AT2,0.4811,0.1629,Distal epithelium
lpofjhlf-1,AT2,0.5314,0.1371,Goblet
lpolbpoj-1,AT2,0.6011,0.1513,Distal epithelium
lponlcdn-1,AT2,0.5274,0.0798,AT1
lppcmjad-1,AT1,0.2919,0.0101,AT2
lppcoabp-1,Goblet,0.495,0.0089,Distal epithelium
lppcoppp-1,AT2,0.6547,0.1794,AT1
lppdfaik-1,AT2,0.6688,0.1487,Distal epithelium
lppobang-1,AT2,0.3642,0.1076,Goblet
mabiagjl-1,AT2,0.4601,0.0213,Goblet
mabiijlj-1,AT2,0.6702,0.1408,AT1
maccpgil-1,Airway smooth muscle,0.4121,0.0145,EC venous
macdgcbl-1,AT2,0.7493,0.2159,AT1
macealpm-1,AT2,0.3309,0.0823,AT1
macgnjgb-1,AT2,0.6389,0.1023,Goblet
madmnlem-1,AT2,0.6207,0.0697,AT1
mcgcphic-1,AT2,0.5216,0.0546,AT1
mcnileep-1,Distal epithelium,0.5198,0.0293,Basal
mdhohdfe-1,T/NK cells,0.4492,0.0143,Distal epithelium
mdigmale-1,AT2,0.5103,0.0278,AT1
mebkplnb-1,AT1,0.592,0.055,Distal epithelium
meehnfij-1,AT1,0.4127,0.0349,AT2
mefifnoo-1,AT1,0.4247,0.1458,AT2
meleinem-1,AT2,0.1519,0.0686,AT1
melohagm-1,AT1,0.4788,0.0763,AT2
memmalmo-1,AT2,0.4625,0.0227,T/NK cells
midkfgih-1,Distal epithelium,0.6579,0.1594,Multiciliated
mihbnemk-1,Distal epithelium,0.7123,0.086,Basal
mikhnhio-1,Distal epithelium,0.6284,0.1103,Airway smooth muscle
mjfnkagl-1,Distal epithelium,0.5023,0.06,Basal
mkjklbgg-1,Distal epithelium,0.2745,0.0058,Basal
moeonocp-1,Distal epithelium,0.7449,0.1962,Basal
mohcjlje-1,Distal epithelium,0.7065,0.0806,Basal
mohcjoma-1,Distal epithelium,0.7755,0.1305,Basal
nbjpfpao-1,Distal epithelium,0.6304,0.1253,AT1
nckcahnb-1,AT1,0.4905,0.0796,Alveolar fibroblasts
nckcinkb-1,AT1,0.6898,0.21,AT2
nclmddmp-1,AT1,0.3886,0.0103,AT2
ncnalfkf-1,AT1,0.5539,0.0312,AT2
ncnmolpd-1,Distal epithelium,0.3415,0.0383,AT1
nfenadlc-1,AT1,0.4925,0.0091,AT2
nfepkchp-1,AT2,0.5654,0.1316,AT1
ngfjmfkj-1,AT2,0.4794,0.025,Distal epithelium
nhgiegbb-1,AT2,0.2619,0.0303,Distal epithelium
nhgifaoi-1,AT2,0.1481,0.0229,Multiciliated
nleahgfe-1,Distal epithelium,0.7312,0.1127,Basal
nmlicple-1,AT1,0.4242,0.0565,AT2
nnkhicbj-1,AT2,0.4039,0.0566,Distal epithelium
obbamnil-1,T/NK cells,0.4054,0.0171,Goblet
obcjdpac-1,AT2,0.3447,0.069,Distal epithelium
obepedeh-1,Neuroendocrine,0.3212,0.0336,Basal
obljoaci-1,Distal epithelium,0.1986,0.0083,Multiciliated
obmkpcbh-1,AT1,0.616,0.0464,AT2
oddgcmdd-1,AT1,0.415,0.0721,AT2
odedmjaj-1,Multiciliated,0.1714,0.0096,AT2
odenlgcg-1,AT1,0.5274,0.0498,Distal epithelium
odfclkgm-1,AT2,0.3087,0.0404,Alveolar fibroblasts
odfdfdgd-1,Distal epithelium,0.5068,0.0034,AT1
odgheojj-1,AT1,0.7462,0.1756,Distal epithelium
odgmibnh-1,AT1,0.51,0.0471,Distal epithelium
odlfnopo-1,Distal epithelium,0.3075,0.0089,Multiciliated
oefnlnam-1,AT1,0.5221,0.1125,AT2
oefpapho-1,Distal epithelium,0.4107,0.0687,AT1
oeggcnob-1,AT1,0.4067,0.0187,Goblet
oeppaeho-1,AT1,0.604,0.0846,Distal epithelium
ofeapeip-1,Distal epithelium,0.3233,0.0114,Multiciliated
ofecdkda-1,AT1,0.433,0.0777,Distal epithelium
offohaeh-1,AT1,0.6756,0.12,AT2
ofgdbgme-1,AT2,0.396,0.0301,AT1
ofgfiall-1,Distal epithelium,0.3685,0.002,AT2
ofidjaeb-1,AT1,0.5816,0.0938,AT2
ofjanadk-1,AT1,0.4105,0.0517,AT2
ofkinpdh-1,AT1,0.5751,0.0738,Distal epithelium
ofknhmba-1,AT1,0.6288,0.0856,AT2
ofmjjcmp-1,AT1,0.5917,0.0307,Distal epithelium
ofpofhgj-1,AT2,0.6232,0.0014,AT1
ogaambhm-1,Distal epithelium,0.3518,0.0003,AT2
ogbppabc-1,Distal epithelium,0.471,0.0163,AT2
ogcpefdj-1,AT2,0.1924,0.0465,Alveolar fibroblasts
ogdbjdmp-1,AT1,0.5394,0.1065,Distal epithelium
ogdedona-1,AT2,0.5542,0.0006,AT1
ogdncfck-1,Distal epithelium,0.6036,0.0251,AT1
ogdpmghl-1,Distal epithelium,0.5738,0.045,AT2
ogeijgpk-1,AT1,0.6365,0.0587,AT2
ogeimghk-1,AT2,0.4607,0.0694,AT1
ogekfofa-1,AT2,0.4553,0.0875,Goblet
ogelgado-1,AT1,0.6661,0.0945,Distal epithelium
ogfbegab-1,Alveolar fibroblasts,0.4165,0.0012,T/NK cells
ogfheebf-1,Distal epithelium,0.4124,0.0455,Goblet
ogfjgegi-1,AT2,0.504,0.1243,Distal epithelium
ogfmbcbf-1,AT1,0.5527,0.0455,AT2
ogfnbjdh-1,AT2,0.5632,0.0126,AT1
oggcaejo-1,Distal epithelium,0.414,0.0639,Goblet
oggdegfe-1,Distal epithelium,0.4923,0.0274,AT2
oggdlehh-1,AT1,0.6542,0.0591,AT2
oggdnfij-1,AT1,0.6557,0.0729,Distal epithelium
oggepadn-1,AT2,0.3248,0.0065,EC aerocyte capillary
ohgjnbhl-1,Distal epithelium,0.2204,0.0047,AT1
oihinjkl-1,AT2,0.3463,0.1113,AT1
