cell_id,assigned_lineage,score,margin,runner_up
aanabmbh-1,AT1,0.4633,0.1044,Distal epithelium
aanbebed-1,Plasma cells,0.2025,0.0208,Secretory
aaobmfok-1,AT1,0.6402,0.0099,Distal epithelium
abbejgio-1,AT1,0.5197,0.0743,Distal epithelium
abbgdiab-1,AT1,0.3931,0.0643,AT2
abdgnmeg-1,AT2,0.444,0.0254,AT1
abgkplod-1,AT2,0.5186,0.0193,Distal epithelium
abglgoaj-1,AT2,0.3631,0.009,Goblet
abgnbbog-1,AT1,0.6313,0.1042,AT2
abhhioib-1,AT1,0.4347,0.0386,AT2
abhhlidk-1,AT1,0.637,0.09,Distal epithelium
abhiikkd-1,Distal epithelium,0.3633,0.0227,Airway smooth muscle
abhpcmcg-1,AT1,0.6144,0.0918,AT2
abhpgcke-1,AT1,0.5907,0.0717,Distal epithelium
abhpiadb-1,AT1,0.6357,0.0452,AT2
abhpjemk-1,AT1,0.5802,0.0023,AT2
abhpjidd-1,Distal epithelium,0.6832,0.0809,Basal
abhpkbcp-1,AT2,0.5277,0.0031,AT1
abiaandn-1,AT1,0.6831,0.0707,Distal epithelium
abiababp-1,AT1,0.6336,0.0901,AT2
abihimel-1,Distal epithelium,0.3424,0.0129,AT2
abimcpbb-1,Goblet,0.4906,0.0384,Distal epithelium
abjhjffm-1,EC general capillary,0.197,0.0084,EC aerocyte capillary
abjjdeaj-1,AT1,0.5226,0.0897,AT2
abjjofgp-1,AT1,0.295,0.0015,AT2
abjneami-1,AT1,0.5468,0.0951,AT2
abjnkfai-1,AT2,0.2193,0.0207,EC aerocyte capillary
abkpcefm-1,Interstitial macrophages,0.4106,0.0778,B cells
abkpmfbo-1,AT1,0.6272,0.0861,AT2
acaionfg-1,AT1,0.5471,0.0769,AT2
acmgoopo-1,AT1,0.3599,0.0358,AT2
acmhofde-1,Distal epithelium,0.6425,0.0152,Basal
acmkhkmn-1,AT1,0.5153,0.0574,Distal epithelium
acmmbkba-1,B cells,0.432,0.0024,T/NK cells
acmpejnn-1,Distal epithelium,0.5939,0.0591,Basal
acnamlkg-1,Distal epithelium,0.4425,0.0846,Basal
acofjabo-1,AT2,0.4012,0.0318,Distal epithelium
addacbmn-1,Airway smooth muscle,0.2982,0.023,Distal epithelium
addepcfm-1,AT1,0.3974,0.1103,AT2
addgbijd-1,Neuroendocrine,0.4174,0.0176,AT1
addiopfa-1,AT1,0.6487,0.1568,Distal epithelium
addjohmo-1,AT1,0.5288,0.0789,Distal epithelium
adefjhgf-1,AT1,0.6033,0.0747,AT2
adejobej-1,AT1,0.5724,0.0489,AT2
adeljgbj-1,AT1,0.3783,0.05,AT2
ademdmne-1,AT1,0.3926,0.1602,AT2
adeofjll-1,AT2,0.1414,0.0006,Goblet
adhfgkfa-1,AT1,0.3984,0.132,Distal epithelium
admpkplg-1,Goblet,0.5723,0.0781,Multiciliated
aehbfefl-1,AT2,0.4627,0.0428,T/NK cells
aeibcdbk-1,AT2,0.7026,0.0836,Goblet
aeidegkm-1,AT2,0.4223,0.1747,AT1
aeigfeie-1,Goblet,0.3072,0.0478,AT2
aejcaoeh-1,AT2,0.6095,0.0666,Goblet
aejfmjee-1,AT2,0.4771,0.024,Goblet
aekdjkdh-1,AT2,0.5254,0.1418,Goblet
afafmmia-1,AT2,0.4701,0.0768,Basal
afagibee-1,AT2,0.5266,0.0954,AT1
afbbkmif-1,AT2,0.5794,0.1181,Distal epithelium
afgcidph-1,AT2,0.4892,0.0881,Goblet
afgfdinf-1,AT2,0.6503,0.1411,AT1
afggbbhl-1,Neutrophils,0.1677,0.0076,Alveolar macrophages
afghdddd-1,AT2,0.6261,0.1923,Goblet
afgkekam-1,AT2,0.7287,0.1963,Goblet
afgnljdn-1,AT2,0.6218,0.1329,Goblet
afgnphkl-1,AT2,0.5861,0.1322,Goblet
afgpbgdn-1,AT2,0.5621,0.1328,Goblet
afieahfl-1,AT2,0.6003,0.1176,Goblet
afikafbp-1,AT2,0.5546,0.1934,AT1
afimilfn-1,AT2,0.5227,0.1097,Distal epithelium
afjcpafo-1,Goblet,0.5306,0.0525,T/NK cells
afjnemaf-1,Goblet,0.3827,0.0149,T/NK cells
afjnfama-1,AT2,0.4617,0.1166,Goblet
afkeboga-1,AT2,0.5188,0.0007,Goblet
afkeigln-1,Goblet,0.526,0.0254,AT2
afkejagm-1,AT2,0.6401,0.0102,Goblet
afljdljh-1,AT2,0.6092,0.1558,Goblet
afljjjoi-1,AT2,0.5254,0.0315,Goblet
afllbjkb-1,AT2,0.6423,0.1944,Distal epithelium
agiocddg-1,Multiciliated,0.4234,0.06,Distal epithelium
agljpaon-1,Distal epithelium,0.4826,0.0307,Interstitial macrophages
aglkapmh-1,Distal epithelium,0.5666,0.025,Airway smooth muscle
agllmhjl-1,Distal epithelium,0.5272,0.0255,Basal
agoaonhj-1,Distal epithelium,0.5151,0.0026,T/NK cells
ahadaibp-1,Distal epithelium,0.3308,0.0731,Basal
ahbbdeab-1,B cells,0.4199,0.0175,T/NK cells
ahchcead-1,AT1,0.2575,0.0561,AT2
ahdhomgg-1,Distal epithelium,0.3653,0.0447,Basal
ahfogdlf-1,Distal epithelium,0.5335,0.0707,Basal
ahgeecbc-1,Distal epithelium,0.375,0.1121,Basal
ahgnaemm-1,Distal epithelium,0.4305,0.0413,Goblet
ahgpicmd-1,B cells,0.4296,0.015,Distal epithelium
ahmkekoi-1,Distal epithelium,0.5099,0.0045,Basal
ahmmfimk-1,Distal epithelium,0.5382,0.0576,AT1
ahmmkmkp-1,Distal epithelium,0.5221,0.0909,T/NK cells
ahnfcdph-1,Distal epithelium,0.279,0.036,Basal
aieddmae-1,Distal epithelium,0.5172,0.02,T/NK cells
aiejaolf-1,T/NK cells,0.5492,0.0015,Goblet
aiggaakd-1,AT1,0.288,0.117,AT2
aighfghj-1,Neuroendocrine,0.0418,0.0215,EC venous
aighpebn-1,Distal epithelium,0.5186,0.0324,Basal
aigiekbf-1,Distal epithelium,0.6604,0.0778,Basal
aiholcne-1,Distal epithelium,0.6295,0.0935,Basal
aihomnob-1,Distal epithelium,0.5635,0.1002,Basal
aiiadphd-1,Distal epithelium,0.4803,0.0821,Airway smooth muscle
aiinifgi-1,Distal epithelium,0.4549,0.0015,T/NK cells
aijcehkk-1,Distal epithelium,0.2848,0.0414,Alveolar fibroblasts
aijcndng-1,Distal epithelium,0.5847,0.117,T/NK cells
aijhbhgm-1,AT1,0.2916,0.1195,AT2
aikdkkbk-1,Goblet,0.3017,0.0019,Multiciliated
aikhdkfg-1,AT1,0.5452,0.0207,Distal epithelium
aikjnfmn-1,AT1,0.5407,0.0934,AT2
aikkgfaa-1,Distal epithelium,0.2763,0.0136,T/NK cells
ainmpogl-1,Distal epithelium,0.4903,0.1017,Basal
aiogkicd-1,Distal epithelium,0.4396,0.0494,Multiciliated
aipfpehp-1,Distal epithelium,0.6769,0.1571,Multiciliated
aipibnjj-1,Distal epithelium,0.551,0.1136,AT2
aippgmkc-1,Distal epithelium,0.5513,0.0697,T/NK cells
aippjgec-1,Distal epithelium,0.5675,0.0549,Basal
ajbamjac-1,Distal epithelium,0.5573,0.1033,Airway smooth muscle
ajbpkmdf-1,Distal epithelium,0.6829,0.121,Basal
ajcegild-1,AT1,0.3478,0.0066,AT2
ajcijdgg-1,AT1,0.3306,0.0648,AT2
ajfjkgdn-1,AT1,0.5532,0.0034,AT2
ajmkejek-1,Distal epithelium,0.72,0.0668,Basal
ajoacbgn-1,AT2,0.4876,0.0453,Multiciliated
ajolaelg-1,Distal epithelium,0.8177,0.1687,Basal
akagcddh-1,Distal epithelium,0.7634,0.1849,Basal
akgeplef-1,Goblet,0.445,0.061,Basal
akhhlnhf-1,AT2,0.5491,0.1349,Distal epithelium
akhknikh-1,AT2,0.5636,0.0525,AT1
akhlchaj-1,AT2,0.3606,0.1228,Distal epithelium
akhlkbie-1,AT2,0.5486,0.088,Multiciliated
akhmlnoi-1,AT2,0.4921,0.069,AT1
akhmmaeh-1,AT2,0.5268,0.1141,AT1
akhnmdin-1,AT2,0.5009,0.1188,Distal epithelium
akhnnhap-1,AT2,0.3115,0.0059,T/NK cells
akhnolki-1,AT2,0.3956,0.1341,AT1
akhomjaa-1,AT2,0.6111,0.1403,Distal epithelium
akicmahi-1,AT2,0.4627,0.1005,T/NK cells
akifipca-1,AT2,0.6274,0.0707,AT1
akiflhfi-1,AT2,0.6642,0.259,AT1
akiibamm-1,AT2,0.607,0.041,AT1
akiidcad-1,AT2,0.6354,0.1511,AT1
akijffca-1,AT2,0.5675,0.0783,AT1
akikeien-1,AT2,0.5357,0.1479,Multiciliated
akiledia-1,AT2,0.6476,0.1161,AT1
akilgjll-1,AT2,0.583,0.0884,AT1
akilpllp-1,AT2,0.4732,0.0424,Distal epithelium
akjaffhl-1,T/NK cells,0.3208,0.0035,Basal
akjfikff-1,AT2,0.3906,0.0957,Multiciliated
akjfimoi-1,AT2,0.2604,0.0484,AT1
akjgbbce-1,AT2,0.511,0.234,Multiciliated
akjhbidh-1,AT2,0.526,0.095,AT1
akjjkooi-1,AT2,0.4945,0.0394,AT1
akjkilco-1,AT2,0.5571,0.0253,Distal epithelium
akjlgopd-1,AT2,0.4617,0.0053,Multiciliated
akjmbcmp-1,AT2,0.3663,0.096,AT1
akjpmkfb-1,AT2,0.4948,0.1049,Multiciliated
akkfcidn-1,AT2,0.522,0.1784,AT1
akkflkig-1,AT2,0.3961,0.0687,AT1
akkflokp-1,AT2,0.5699,0.1112,Multiciliated
akkklhio-1,AT2,0.4101,0.1095,Distal epithelium
akkkmkpc-1,AT2,0.6566,0.15,AT1
akkkpoic-1,AT2,0.3363,0.0305,AT1
akklgkee-1,AT2,0.5677,0.1914,Distal epithelium
akkllfej-1,AT2,0.4467,0.0182,AT1
akkomfci-1,AT2,0.5259,0.0936,Distal epithelium
akkpjpjc-1,AT2,0.4829,0.0827,AT1
akkpkdbl-1,AT2,0.4266,0.0716,Distal epithelium
aklbhjfi-1,AT2,0.6506,0.1803,Distal epithelium
akldbcpo-1,Goblet,0.4647,0.0411,Basal
akldcekh-1,AT2,0.4726,0.1039,Goblet
alfiigdb-1,AT2,0.5097,0.1416,Distal epithelium
alfijidd-1,AT2,0.4918,0.1009,Multiciliated
alfimbkb-1,AT2,0.5298,0.1557,Distal epithelium
alfjofce-1,AT2,0.5797,0.1242,AT1
alfkigdk-1,AT2,0.7399,0.1243,Distal epithelium
alflbppm-1,AT2,0.5075,0.1033,AT1
alfledge-1,AT2,0.4438,0.0887,Distal epithelium
alfmpacc-1,AT2,0.5414,0.1597,AT1
alfnigil-1,AT2,0.476,0.0731,Multiciliated
alhoanhm-1,AT2,0.3187,0.0211,Secretory
alhoebgn-1,AT2,0.4333,0.1007,T/NK cells
alhoknef-1,AT2,0.562,0.0564,Distal epithelium
alhpbfmp-1,Distal epithelium,0.5063,0.0311,Basal
alicimhp-1,Multiciliated,0.5298,0.0616,AT2
alifmaie-1,Multiciliated,0.3636,0.1017,Lymphatic EC
alikhopd-1,Multiciliated,0.3818,0.0258,Goblet
alkgjegj-1,AT2,0.4577,0.0778,Multiciliated
alkheech-1,Multiciliated,0.4319,0.0537,Goblet
alkjfjgd-1,AT2,0.3317,0.001,T/NK cells
alnnjfhf-1,AT2,0.3243,0.05,AT1
alnogbhd-1,AT2,0.6623,0.1966,AT1
alpmagbe-1,AT2,0.5141,0.033,Multiciliated
amajgdah-1,AT2,0.5589,0.0116,Distal epithelium
amcgdjkm-1,AT2,0.5835,0.0837,Distal epithelium
amfefmha-1,Multiciliated,0.4018,0.0653,AT2
amglhche-1,Distal epithelium,0.7968,0.1162,Basal
amhoijei-1,Distal epithelium,0.6815,0.1479,Basal
ammamgoj-1,Distal epithelium,0.7622,0.1788,Basal
ammapadf-1,Distal epithelium,0.6548,0.142,Basal
ampgdlnc-1,Distal epithelium,0.7842,0.1771,Basal
anklklem-1,AT2,0.5134,0.1018,AT1
aofpbdcm-1,Distal epithelium,0.3847,0.0204,AT2
aogcpmeb-1,AT1,0.469,0.0017,AT2
aoiaaidc-1,Distal epithelium,0.3646,0.0662,Multiciliated
aoinmbdm-1,AT1,0.4056,0.0247,AT2
aoioofia-1,AT1,0.4089,0.0512,AT2
aojfhobb-1,AT2,0.4817,0.0611,Distal epithelium
aojhongh-1,AT1,0.2491,0.0481,Goblet
aojlpmce-1,Distal epithelium,0.6021,0.1118,Basal
aokabhlb-1,AT2,0.2664,0.0369,Goblet
aokahpeo-1,Distal epithelium,0.5703,0.0021,AT1
aokkbeae-1,AT1,0.5835,0.0425,AT2
aokmoobe-1,AT1,0.5935,0.0486,AT2
aokmopcb-1,AT1,0.6711,0.1025,AT2
aoknhibk-1,AT1,0.5421,0.0464,Distal epithelium
aokpbbpn-1,AT1,0.6504,0.0255,Distal epithelium
aolgjopa-1,AT1,0.4098,0.0395,AT2
aolgpgec-1,AT1,0.3811,0.0466,AT2
aollnlbf-1,AT2,0.3298,0.023,Distal epithelium
aolnfeii-1,AT2,0.4113,0.0367,AT1
aomhonco-1,Multiciliated,0.4657,0.0324,Basal
aomkdnpi-1,Distal epithelium,0.5808,0.0641,Basal
aomkechh-1,Distal epithelium,0.5695,0.0365,Basal
aommmiga-1,AT1,0.544,0.0054,Distal epithelium
aomngbcg-1,AT1,0.53,0.0219,Distal epithelium
aooekdni-1,Distal epithelium,0.5686,0.0652,AT1
apbpjhpi-1,AT1,0.5591,0.0767,AT2
apcbekgj-1,AT2,0.4043,0.0123,AT1
apckhgci-1,AT2,0.2777,0.0005,AT1
apddfhbm-1,AT1,0.5045,0.0489,AT2
apdeagmf-1,Lymphatic EC,0.2649,0.0332,AT1
apdjlfnb-1,Airway smooth muscle,0.0862,0.0053,Distal epithelium
apdliieh-1,AT2,0.1801,0.0171,EC general capillary
apjjapki-1,Interstitial macrophages,0.4276,0.0705,Megakaryocytes
appocjbo-1,AT1,0.5314,0.0292,Distal epithelium
baaadgmp-1,AT1,0.4048,0.0249,AT2
baadgdkd-1,AT2,0.367,0.0589,Airway smooth muscle
baadicjg-1,AT1,0.5003,0.049,AT2
babdplke-1,AT1,0.4661,0.0631,AT2
babeekkl-1,AT2,0.3591,0.0096,AT1
bbblbajm-1,Goblet,0.5076,0.0618,Multiciliated
bbfemgbb-1,AT2,0.4819,0.0222,Distal epithelium
bbfkniko-1,AT2,0.3505,0.0373,Distal epithelium
bbghncpl-1,Distal epithelium,0.494,0.0355,AT1
bbhbjoji-1,Multiciliated,0.4957,0.0893,T/NK cells
bbhdmgeg-1,Distal epithelium,0.4622,0.0274,Multiciliated
bbhoamhn-1,Plasma cells,0.3764,0.0254,AT1
bbjaacii-1,AT1,0.3714,0.0156,AT2
bbjahhgm-1,Distal epithelium,0.5423,0.0163,Multiciliated
bbjbleaf-1,AT2,0.472,0.0036,Distal epithelium
bbjcclcl-1,Distal epithelium,0.5846,0.0905,AT1
bbmebmpo-1,Distal epithelium,0.7638,0.1512,Basal
bbmpmjhb-1,Distal epithelium,0.7108,0.1172,Basal
bcnimdem-1,AT1,0.4882,0.0348,AT2
bdgninoj-1,Distal epithelium,0.7275,0.1223,Basal
bdlcgcde-1,Distal epithelium,0.7093,0.1495,Basal
bdlhlemj-1,Distal epithelium,0.6738,0.1717,Basal
bdnkekpi-1,Distal epithelium,0.7655,0.1817,Multiciliated
becajdbb-1,Distal epithelium,0.7476,0.1451,Basal
befnfpag-1,Distal epithelium,0.741,0.1266,Basal
begoiepk-1,Distal epithelium,0.777,0.108,Basal
beiominf-1,Distal epithelium,0.7746,0.0864,Basal
bfcfcpnc-1,Distal epithelium,0.6602,0.0539,Basal
bffhbnck-1,Distal epithelium,0.7389,0.177,Basal
bffhjkah-1,Distal epithelium,0.7541,0.0656,Basal
bfhgcdph-1,Distal epithelium,0.596,0.1233,Multiciliated
bfkdihlm-1,Distal epithelium,0.746,0.2068,Basal
bfkfkmae-1,Distal epithelium,0.7362,0.1479,Basal
bflhamgn-1,Distal epithelium,0.7126,0.1202,Basal
bfoheppa-1,AT2,0.4934,0.0045,Goblet
bgbckeen-1,AT2,0.6461,0.1163,Distal epithelium
bgbcnbce-1,AT2,0.4895,0.163,T/NK cells
bgbdckoc-1,AT2,0.5269,0.1755,Multiciliated
bgbdldjc-1,AT2,0.6836,0.2072,Multiciliated
bgbdpgmj-1,AT2,0.5183,0.1746,AT1
bgbeaimi-1,AT2,0.4813,0.1896,Distal epithelium
bgbecplo-1,AT2,0.5395,0.1764,Multiciliated
bgbgajpf-1,T/NK cells,0.4216,0.0242,B cells
bgbhkbmi-1,AT2,0.3945,0.1091,AT1
bgbkbhhj-1,AT2,0.3668,0.0135,AT1
bgbkmkkp-1,AT2,0.4833,0.0357,Multiciliated
bgblehng-1,AT2,0.4784,0.1196,Multiciliated
bgblflcg-1,AT2,0.6779,0.1663,AT1
bgblhljg-1,AT2,0.5381,0.1202,Multiciliated
bgblloml-1,AT2,0.5886,0.1677,Distal epithelium
bgbmkkci-1,AT2,0.7303,0.1672,Distal epithelium
bgbnefnl-1,AT2,0.6316,0.2156,AT1
bgboaodi-1,AT2,0.6823,0.2304,AT1
bgbogjia-1,Distal epithelium,0.5253,0.0184,AT2
bgbohmkb-1,AT2,0.6383,0.0982,AT1
bgbokflf-1,AT2,0.66,0.1075,Distal epithelium
bgbokiih-1,AT2,0.4415,0.0721,Multiciliated
bgbomedo-1,AT2,0.4698,0.1083,AT1
bgbophde-1,AT2,0.6326,0.1474,Goblet
bgbpbkgl-1,AT2,0.676,0.2237,T/NK cells
bgbpeaoe-1,AT2,0.466,0.1296,Distal epithelium
bgcbnebf-1,AT2,0.4186,0.1095,Distal epithelium
bgcckoem-1,AT2,0.6243,0.2006,Distal epithelium
bgcdkgal-1,AT2,0.4333,0.1043,T/NK cells
bgcgkbag-1,AT2,0.5639,0.0686,Distal epithelium
bgchaopn-1,AT2,0.4973,0.0881,Multiciliated
bgcihomh-1,AT2,0.5471,0.0823,Distal epithelium
bgcimapi-1,AT2,0.6317,0.0829,AT1
bgclmkik-1,AT2,0.4828,0.0844,AT1
bgclojag-1,AT2,0.4274,0.0741,Distal epithelium
bgjjilkl-1,AT1,0.472,0.0719,Distal epithelium
bhafeckn-1,Distal epithelium,0.7489,0.1603,Basal
bhbanpph-1,Distal epithelium,0.4882,0.0701,Basal
bhchhioa-1,Distal epithelium,0.7325,0.1886,Basal
bhgnabmb-1,Basal,0.5931,0.0044,Distal epithelium
bhifoeid-1,Distal epithelium,0.629,0.0614,Basal
bhnllakj-1,Distal epithelium,0.7473,0.1004,Basal
biplhbcd-1,Distal epithelium,0.6453,0.1149,Airway smooth muscle
bipnoimg-1,Distal epithelium,0.6234,0.0921,Basal
bjdkgfdi-1,Distal epithelium,0.6418,0.0876,Airway smooth muscle
bjnllhbb-1,Distal epithelium,0.6547,0.1395,T/NK cells
bjopekga-1,Distal epithelium,0.3914,0.0248,Basal
bkbigfob-1,Distal epithelium,0.4888,0.0347,Basal
bkgomhlk-1,Distal epithelium,0.6175,0.1164,Basal
bkhkjmjl-1,Distal epithelium,0.6549,0.0886,AT1
bkjglnbm-1,Distal epithelium,0.6755,0.1604,AT1
bmjlhaek-1,Distal epithelium,0.7043,0.1321,Basal
cebjbkcc-1,Basal,0.3988,0.0706,Multiciliated
cekjjaoe-1,Distal epithelium,0.7915,0.0825,Basal
celflccm-1,Distal epithelium,0.5462,0.1527,Basal
cfdekgab-1,AT2,0.4761,0.0081,Basal
cfdhnoae-1,AT2,0.3663,0.0511,AT1
cfjainja-1,Distal epithelium,0.6512,0.0986,Basal
chgpjdmo-1,Distal epithelium,0.6395,0.1106,AT1
chjgbeln-1,Distal epithelium,0.6977,0.1634,Basal
chjkollc-1,Distal epithelium,0.4808,0.0396,Basal
cikoecbl-1,Distal epithelium,0.5332,0.0991,Basal
cjmhcigd-1,Distal epithelium,0.7073,0.0939,Basal
cmbaaooa-1,Distal epithelium,0.6558,0.1457,EC general capillary
cmgbkjlm-1,Distal epithelium,0.6318,0.0566,Basal
cmgbokkh-1,Distal epithelium,0.6336,0.1375,Basal
cmioklgl-1,Distal epithelium,0.5403,0.1634,AT1
codiigae-1,Distal epithelium,0.5728,0.1409,Basal
coeckcgd-1,Distal epithelium,0.7798,0.1039,Basal
cojkhdam-1,Distal epithelium,0.6436,0.0684,Basal
cpbhdoaa-1,Distal epithelium,0.6687,0.1117,Basal
dbclamnc-1,Distal epithelium,0.5408,0.0058,AT1
dcfghoof-1,Distal epithelium,0.7776,0.1265,Basal
dcidknbe-1,Distal epithelium,0.7106,0.1418,Airway smooth muscle
ddkmlnkj-1,Distal epithelium,0.4752,0.0885,Basal
dhahcbcb-1,Distal epithelium,0.7141,0.1686,Basal
dhamlgpj-1,Distal epithelium,0.7017,0.109,Basal
djfopfgf-1,Distal epithelium,0.5041,0.06,Basal
djldmfip-1,Distal epithelium,0.6549,0.1076,Multiciliated
dkaieghf-1,Distal epithelium,0.7184,0.1159,T/NK cells
dkicgjfa-1,Distal epithelium,0.6512,0.1301,Airway smooth muscle
dliedgki-1,Distal epithelium,0.726,0.1753,AT1
dllmnhaj-1,Distal epithelium,0.7682,0.1704,T/NK cells
dmiiilnf-1,Distal epithelium,0.5401,0.0744,Basal
dmpnadll-1,Distal epithelium,0.7599,0.1927,Basal
dnlgomho-1,Distal epithelium,0.6167,0.0921,EC general capillary
dnlhmdeg-1,Distal epithelium,0.6218,0.1732,Multiciliated
domheicl-1,Distal epithelium,0.5922,0.0494,Basal
ebidemjd-1,Distal epithelium,0.76,0.151,Basal
ebjbnfgc-1,Distal epithelium,0.8057,0.1498,Basal
eckehcdc-1,AT2,0.2633,0.0193,Interstitial macrophages
efbdicch-1,Distal epithelium,0.4183,0.0087,T/NK cells
eflmcmeo-1,AT2,0.2857,0.0021,Airway smooth muscle
egbmhgih-1,AT1,0.3572,0.0246,Distal epithelium
egcndokf-1,Distal epithelium,0.2821,0.0047,AT1
egenfopd-1,AT2,0.2406,0.0525,Multiciliated
eggcgdin-1,AT1,0.3059,0.0038,Goblet
egoiojdd-1,AT2,0.5334,0.1119,Distal epithelium
egpclkkk-1,Distal epithelium,0.3289,0.0257,Interstitial macrophages
egpclldo-1,AT2,0.3093,0.0797,Multiciliated
egpnpabd-1,AT2,0.4024,0.126,Distal epithelium
ehjjbbdk-1,Multiciliated,0.335,0.0537,AT2
ehmefkpi-1,AT2,0.2933,0.0201,T/NK cells
ehoboejm-1,AT1,0.4733,0.0563,AT2
ejfmhgda-1,AT1,0.3444,0.0037,Distal epithelium
ejkkjelm-1,AT1,0.2677,0.0333,AT2
ejndegbh-1,Goblet,0.5643,0.0492,Multiciliated
ekephpdc-1,Alveolar fibroblasts,0.5438,0.0209,AT1
ekfojpfh-1,Neuroendocrine,0.5499,0.224,T/NK cells
ekincmhh-1,AT2,0.2493,0.0482,Distal epithelium
elagoejg-1,Airway smooth muscle,0.3927,0.0155,T/NK cells
elbecmhd-1,T/NK cells,0.2059,0.0142,AT2
eleohlah-1,AT2,0.2644,0.023,AT1
elhfoagg-1,Goblet,0.5269,0.0364,Basal
emamliha-1,Distal epithelium,0.4405,0.0177,AT2
fdncepaa-1,Goblet,0.3312,0.0054,AT2
fglneoaj-1,AT1,0.1824,0.002,Airway smooth muscle
fifpnacc-1,AT1,0.543,0.1268,AT2
gapoeako-1,AT2,0.2426,0.011,AT1
gbcjbiei-1,AT2,0.4832,0.0638,Distal epithelium
gbdpcfei-1,Multiciliated,0.3782,0.0369,AT2
gbeddcap-1,Goblet,0.3337,0.0328,Multiciliated
ggbclmgm-1,AT1,0.3903,0.072,AT2
ggehfdgc-1,AT1,0.5744,0.1322,AT2
ggffhlpj-1,Distal epithelium,0.3521,0.0275,AT2
ggkgklbm-1,AT1,0.5671,0.0717,AT2
ggllljoh-1,EC aerocyte capillary,0.2808,0.0151,AT1
ggmlhkmf-1,AT2,0.365,0.044,Distal epithelium
ghcfmokm-1,AT2,0.4551,0.0481,AT1
ghendiie-1,AT1,0.4069,0.0728,Distal epithelium
ghfhfjfn-1,AT1,0.4201,0.026,Distal epithelium
ghfljecf-1,AT1,0.6065,0.0582,AT2
ghflponm-1,AT2,0.6633,0.0124,AT1
ghgmadka-1,Lymphatic EC,0.4046,0.0036,Alveolar fibroblasts
ghgnaokl-1,Pericytes,0.168,0.021,EC aerocyte capillary
ghgndehk-1,AT1,0.5834,0.0563,AT2
ghhchokg-1,AT2,0.4897,0.0036,AT1
ghlnfdjd-1,AT1,0.3331,0.0111,AT2
ghlnoiaf-1,AT2,0.4397,0.0232,AT1
ghmadmea-1,AT2,0.3405,0.0202,AT1
ghmapbpp-1,Distal epithelium,0.5792,0.0234,AT2
ghmdecld-1,AT1,0.5038,0.1151,Distal epithelium
ghmfbcgp-1,Distal epithelium,0.5168,0.0604,AT1
gibdanld-1,AT1,0.3546,0.0847,Distal epithelium
gicppghg-1,AT1,0.4655,0.0284,Distal epithelium
gidllaam-1,Alveolar fibroblasts,0.2026,0.0216,Secretory
giglbfbc-1,AT1,0.4408,0.0573,Distal epithelium
giifefmh-1,AT1,0.4511,0.0762,AT2
giiffean-1,Distal epithelium,0.3706,0.0216,AT1
gikaccjp-1,AT1,0.7266,0.162,AT2
gikhkjfe-1,AT1,0.6109,0.197,Distal epithelium
gilmpmph-1,AT1,0.5052,0.0541,Distal epithelium
gimghmeb-1,Distal epithelium,0.3992,0.0507,Multiciliated
gipgepfi-1,AT1,0.5905,0.1189,Distal epithelium
gjgmobok-1,T/NK cells,0.3824,0.0457,Distal epithelium
gjgnlokh-1,AT1,0.4678,0.0161,Distal epithelium
gjiafffi-1,Distal epithelium,0.5667,0.0708,Basal
gjmbpomj-1,AT1,0.5771,0.0739,AT2
gjpaaihk-1,AT1,0.6099,0.0916,AT2
gkaalkle-1,Distal epithelium,0.586,0.0629,AT1
gkadalkg-1,AT2,0.3371,0.0387,Airway smooth muscle
gkahanhf-1,AT1,0.3495,0.0691,AT2
gkfjgncf-1,Distal epithelium,0.3837,0.0119,B cells
gkgjmgoh-1,AT1,0.1046,0.0265,AT2
gkgjmheg-1,AT1,0.361,0.0747,AT2
gkkbdiej-1,Distal epithelium,0.4219,0.0329,AT1
gkknjbpi-1,Distal epithelium,0.4077,0.0021,AT1
gklfkjbj-1,Basal,0.6308,0.0405,Distal epithelium
gklkmldp-1,T/NK cells,0.3213,0.0237,Distal epithelium
gkohdchm-1,Neuroendocrine,0.3197,0.0754,Distal epithelium
gkohecdc-1,AT1,0.4866,0.0468,Distal epithelium
gkophjna-1,AT1,0.6086,0.0353,Distal epithelium
gljhhmok-1,AT1,0.3301,0.0345,AT2
gllbpalc-1,AT1,0.582,0.1137,Distal epithelium
glnecfef-1,AT1,0.4885,0.027,Distal epithelium
gloppmfg-1,AT1,0.5782,0.1063,AT2
glpeejai-1,AT1,0.6155,0.0531,AT2
gmabebif-1,EC aerocyte capillary,0.4775,0.0014,EC venous
gmajgeil-1,AT2,0.5646,0.0107,AT1
gmbjkfoe-1,AT1,0.3603,0.0542,AT2
gmblkjdg-1,AT2,0.3273,0.0022,Distal epithelium
gmehdape-1,AT1,0.3054,0.0266,AT2
gmhdbief-1,AT1,0.625,0.1411,AT2
gmhkbaph-1,AT2,0.246,0.0912,Multiciliated
gmhkenoa-1,AT2,0.3408,0.0167,AT1
gmhkfeec-1,AT1,0.4967,0.0491,Distal epithelium
gmhkkien-1,AT2,0.4662,0.0083,AT1
gmhkmgpi-1,T/NK cells,0.3572,0.0116,B cells
gmhlgpjc-1,AT1,0.6492,0.046,AT2
gmhmkdhh-1,AT1,0.6353,0.0585,AT2
gmhmlfdo-1,AT1,0.6292,0.0877,Distal epithelium
gmhogoob-1,AT1,0.4317,0.0057,AT2
gmhpjppi-1,Airway smooth muscle,0.4078,0.0051,T/NK cells
gmibdjcf-1,AT1,0.6557,0.1083,Distal epithelium
gmidllej-1,Distal epithelium,0.5001,0.0156,AT1
gmnfbnma-1,Distal epithelium,0.519,0.0311,Goblet
gmokckcb-1,Airway smooth muscle,0.4975,0.0094,Alveolar fibroblasts
gnjekhhd-1,AT2,0.3534,0.0912,Distal epithelium
gnjimlho-1,AT1,0.6329,0.0877,Distal epithelium
goahpppa-1,AT1,0.3915,0.1465,AT2
gocahibh-1,AT1,0.4691,0.0951,Distal epithelium
gofnepkg-1,AT1,0.4927,0.0147,Distal epithelium
gohhpmdj-1,AT1,0.2494,0.0594,Distal epithelium
gohiabnm-1,AT1,0.4908,0.0573,AT2
gohiigal-1,AT1,0.1871,0.0084,AT2
gohlombe-1,AT1,0.3958,0.0633,Distal epithelium
gohmbomj-1,AT1,0.589,0.0896,AT2
gojcieml-1,Distal epithelium,0.2712,0.0182,Airway smooth muscle
gojgljoi-1,AT1,0.5119,0.048,Distal epithelium
goknfefo-1,AT1,0.4727,0.0441,AT2
golcfkih-1,AT1,0.5136,0.0139,Distal epithelium
gongkkoe-1,AT1,0.4559,0.0005,Distal epithelium
gopoiomb-1,AT1,0.5544,0.036,AT2
gpaidgic-1,Airway smooth muscle,0.398,0.0074,Goblet
gpbdfdnd-1,Distal epithelium,0.4632,0.0131,AT1
gpbeahhi-1,AT1,0.5787,0.0412,Distal epithelium
gpcidmeh-1,AT1,0.614,0.0273,AT2
gpcjhphm-1,Vascular smooth muscle,0.3506,0.0013,Airway smooth muscle
gpcplphk-1,EC general capillary,0.1392,0.0838,AT1
gpddpddm-1,AT1,0.4117,0.0785,AT2
gpdhonlm-1,AT1,0.2885,0.0647,AT2
gpdimnmn-1,AT1,0.5731,0.0984,Distal epithelium
gpeploja-1,AT2,0.2504,0.0617,AT1
gphcfnmm-1,Distal epithelium,0.133,0.0322,Airway smooth muscle
gpheippc-1,AT1,0.4188,0.1868,AT2
gpjiebbm-1,Distal epithelium,0.361,0.0259,AT2
gpkbdeml-1,AT2,0.3966,0.0039,T/NK cells
gpkfjodj-1,AT1,0.5594,0.2063,Distal epithelium
gplepebg-1,AT1,0.3279,0.0075,Distal epithelium
gpnekjjf-1,AT2,0.2068,0.0593,Adventitial fibroblasts
gpnhdbch-1,AT1,0.6731,0.1083,Distal epithelium
haaofkjj-1,AT1,0.4443,0.064,AT2
hanlehno-1,AT1,0.7498,0.0829,Distal epithelium
hanlijoj-1,AT1,0.7039,0.1491,Distal epithelium
hbackjoj-1,Distal epithelium,0.4785,0.0869,Airway smooth muscle
hbhdlnkm-1,AT1,0.5033,0.0632,AT2
hblanjcb-1,AT2,0.3889,0.0389,AT1
hblmppke-1,AT1,0.4794,0.0071,Distal epithelium
hbmfheig-1,AT1,0.3645,0.0262,AT2
hcgeepna-1,Distal epithelium,0.3546,0.0091,AT2
hcgoegda-1,AT1,0.2991,0.1515,AT2
hdegpofe-1,B cells,0.2794,0.0043,Airway smooth muscle
hdemfcdl-1,AT2,0.4442,0.0519,Goblet
hdgleefe-1,AT1,0.3954,0.0036,AT2
hdjhnhak-1,AT1,0.5299,0.0047,Distal epithelium
hdjiagaj-1,AT2,0.2066,0.1224,Multiciliated
heahkaki-1,Interstitial macrophages,0.1909,0.0414,Megakaryocytes
heelddgp-1,Goblet,0.1943,0.0233,Basal
heheehff-1,AT1,0.5282,0.0942,EC general capillary
hehhblkc-1,AT1,0.3698,0.0027,Distal epithelium
heldbkfe-1,AT1,0.3271,0.0082,AT2
helfameb-1,AT1,0.3721,0.0189,AT2
hemcanok-1,AT1,0.5307,0.0502,Distal epithelium
hnanklah-1,Goblet,0.4292,0.0153,Multiciliated
hnhnpfgn-1,Distal epithelium,0.4064,0.0128,AT2
hoblmjak-1,Multiciliated,0.4397,0.0842,AT2
hoeppiaf-1,AT1,0.3935,0.0073,AT2
hohlppnf-1,AT2,0.3709,0.0095,Distal epithelium
hoompocc-1,AT1,0.2923,0.0073,AT2
hoondoll-1,Goblet,0.1149,0.0007,AT2
hopcdmke-1,Pericytes,0.3028,0.0222,AT1
hopffbof-1,AT1,0.5499,0.0715,AT2
hpgfnojg-1,Distal epithelium,0.2455,0.0192,AT1
iaibgfon-1,AT1,0.6847,0.0162,AT2
ibedpngb-1,AT2,0.367,0.0452,AT1
ibeegpdf-1,AT2,0.5511,0.1188,AT1
ibeeiboe-1,Distal epithelium,0.2619,0.0164,Airway smooth muscle
ibefojlk-1,AT2,0.4696,0.0521,AT1
ibekmegd-1,AT2,0.3871,0.0206,AT1
ibfcdnpb-1,AT2,0.5421,0.0268,AT1
ibfcfnam-1,AT2,0.4633,0.0944,Multiciliated
ibfdieoh-1,AT2,0.5259,0.174,AT1
ibfellob-1,AT2,0.5555,0.1702,AT1
ibffdpjl-1,AT2,0.3976,0.0103,AT1
ibfhomdb-1,AT2,0.4844,0.0801,Multiciliated
ibfiahah-1,AT1,0.5147,0.0308,AT2
ibfnnike-1,AT2,0.6081,0.2127,Distal epithelium
ibgebhlm-1,AT2,0.2174,0.043,T/NK cells
ibgfoclk-1,AT2,0.5207,0.1132,AT1
ibgldaom-1,AT2,0.3571,0.063,AT1
ibgmcdhk-1,AT2,0.4381,0.0481,AT1
ibgmdkcl-1,AT2,0.5524,0.175,AT1
ibgmejjp-1,AT1,0.4548,0.0503,Distal epithelium
ibjaokhe-1,AT2,0.6063,0.1526,Distal epithelium
ibjcaapl-1,AT2,0.6332,0.1788,AT1
ibjccafd-1,Alveolar macrophages,0.1194,0.006,AT2
ibjkdden-1,AT2,0.5528,0.1597,Distal epithelium
ibjkpmel-1,AT2,0.4972,0.1311,Distal epithelium
ibjngccf-1,AT2,0.6906,0.201,Distal epithelium
ibjngpdl-1,AT2,0.6124,0.03,AT1
ibkbbljc-1,AT2,0.6342,0.1687,Multiciliated
ibkbipdb-1,AT2,0.5141,0.1027,T/NK cells
ibkcleoj-1,Alveolar fibroblasts,0.5423,0.0676,AT2
ibkcplfc-1,AT2,0.6939,0.0969,AT1
ibkhomdh-1,AT1,0.5066,0.0853,Airway smooth muscle
ibkifjaf-1,AT2,0.5353,0.0858,AT1
ibkippjg-1,AT2,0.442,0.0107,Goblet
ibkkjcgc-1,AT2,0.4652,0.1236,Goblet
ibkljbld-1,AT2,0.5145,0.0868,AT1
ibknalaf-1,AT2,0.5456,0.0949,AT1
ibknhbmb-1,T/NK cells,0.4378,0.007,Goblet
ibknngic-1,AT2,0.4665,0.1031,Multiciliated
ibldapcl-1,AT2,0.5824,0.135,Multiciliated
ibldemcj-1,AT2,0.5848,0.1156,Distal epithelium
ibledjcg-1,AT2,0.6642,0.1594,AT1
iblggcfa-1,AT2,0.5341,0.0849,Multiciliated
ibliijgp-1,AT2,0.5623,0.1206,AT1
iblmjnhf-1,AT2,0.2753,0.0682,Lymphatic EC
ibmdnoif-1,AT2,0.7155,0.2247,Distal epithelium
ibmdoaee-1,AT2,0.5055,0.0368,AT1
ibmdpghk-1,AT2,0.7078,0.0581,AT1
ibmfhjho-1,AT2,0.4733,0.0249,Multiciliated
ibmjcodb-1,AT2,0.5772,0.1353,Goblet
ibmkcmhb-1,AT2,0.6865,0.091,Distal epithelium
ibmknold-1,AT2,0.5848,0.0982,Multiciliated
ibmmfabp-1,AT2,0.5955,0.1093,AT1
ibmoanbn-1,AT2,0.7045,0.1349,AT1
ibmpgcoo-1,AT2,0.5866,0.1168,AT1
ibnajdoc-1,AT2,0.583,0.0733,AT1
ibnblebn-1,Distal epithelium,0.3921,0.0179,AT2
ibnbmpbp-1,AT2,0.6296,0.055,AT1
ibncndda-1,AT2,0.5021,0.024,Distal epithelium
ibndbppd-1,AT2,0.5169,0.1004,T/NK cells
ibndjbdj-1,AT2,0.5097,0.0174,Airway smooth muscle
ibnelnhb-1,AT2,0.6105,0.0582,Distal epithelium
ibnihlpo-1,AT2,0.6458,0.1546,AT1
ibphbhnk-1,AT2,0.5685,0.0424,Distal epithelium
ibpmccol-1,AT2,0.4981,0.0507,Distal epithelium
ibpmcdpa-1,AT1,0.4673,0.01,AT2
icaofdph-1,AT2,0.2314,0.0497,Erythroid
icaoheij-1,AT1,0.2916,0.0524,AT2
icbbcddn-1,AT2,0.5133,0.0903,AT1
icbbgdam-1,AT2,0.5204,0.1016,T/NK cells
icbcgodj-1,AT2,0.2993,0.0403,AT1
icbckkab-1,AT2,0.4885,0.089,AT1
icbelcdf-1,AT2,0.3541,0.0676,AT1
icbfeban-1,AT2,0.4717,0.1416,Multiciliated
icbgpiop-1,AT2,0.3397,0.1161,Secretory
icbhlnam-1,AT2,0.3724,0.0133,Distal epithelium
icblffbj-1,Vascular smooth muscle,0.2335,0.0168,Pericytes
icblfgid-1,AT2,0.5597,0.0974,AT1
icbloioa-1,AT2,0.4443,0.0251,AT1
icbneaki-1,AT2,0.597,0.1186,AT1
icbobpmb-1,AT2,0.425,0.0735,Secretory
iccaikpc-1,Airway smooth muscle,0.3549,0.0006,Alveolar fibroblasts
iccbcidj-1,AT2,0.4714,0.0734,AT1
iccbffho-1,AT2,0.1911,0.0063,AT1
iccbikad-1,AT1,0.3994,0.0384,AT2
iccigpgo-1,Alveolar fibroblasts,0.5144,0.0051,Airway smooth muscle
iccihepc-1,AT2,0.3901,0.1673,AT1
iccjblih-1,AT2,0.6058,0.1165,AT1
icckmelh-1,AT2,0.6166,0.2427,AT1
icclmcld-1,EC venous,0.5091,0.0357,EC aerocyte capillary
icdcbnbm-1,AT2,0.5388,0.0928,Goblet
icdeiboi-1,AT2,0.3535,0.017,B cells
icdfjaka-1,AT2,0.5546,0.1446,T/NK cells
iceniopl-1,AT2,0.4614,0.0578,Airway smooth muscle
iceokmdk-1,AT1,0.5168,0.1205,AT2
iceolhec-1,AT2,0.4699,0.042,AT1
iceomajf-1,AT2,0.4658,0.018,AT1
icepknpf-1,AT2,0.4868,0.0271,AT1
icepnegm-1,AT2,0.4633,0.1272,Multiciliated
icfacdcm-1,AT2,0.3452,0.0572,Lymphatic EC
icfaljen-1,AT2,0.3393,0.0147,Multiciliated
icfbdokh-1,AT2,0.3295,0.0629,Multiciliated
icfeccii-1,AT2,0.3905,0.158,Distal epithelium
icfhajei-1,AT2,0.5792,0.1458,Airway smooth muscle
icfinomc-1,AT2,0.5718,0.1,AT1
icfldpjm-1,AT2,0.3683,0.1609,Neutrophils
icfnehjf-1,AT2,0.5131,0.1162,Multiciliated
icfohbdn-1,AT2,0.4592,0.1151,Distal epithelium
icfonmop-1,AT2,0.4575,0.0388,Distal epithelium
icgffegi-1,AT1,0.441,0.0747,AT2
icgfmgkm-1,AT2,0.2839,0.0799,AT1
icgggigi-1,AT1,0.569,0.0168,AT2
icgjapeo-1,AT2,0.4379,0.1059,Multiciliated
icgjdjei-1,AT2,0.6467,0.1921,Multiciliated
icgnbcdn-1,AT2,0.567,0.0217,Distal epithelium
icgndkoa-1,AT2,0.4361,0.1256,AT1
icgniomj-1,Goblet,0.4046,0.0013,Multiciliated
icgnjbae-1,AT2,0.5595,0.1112,Distal epithelium
icgofnpm-1,Distal epithelium,0.4007,0.008,AT2
icgohoad-1,AT2,0.3157,0.124,Goblet
ichomngi-1,AT1,0.4921,0.1172,AT2
iciabdac-1,EC aerocyte capillary,0.2499,0.0262,EC venous
iciahgii-1,AT2,0.6151,0.1049,Distal epithelium
icianbgd-1,AT2,0.3736,0.0622,AT1
iciccfja-1,AT2,0.2994,0.0225,AT1
iciccngb-1,Basal,0.3418,0.0083,Distal epithelium
icicfihh-1,AT1,0.4287,0.0133,AT2
icihakab-1,AT2,0.4796,0.0809,AT1
icimjfdb-1,Distal epithelium,0.4127,0.0541,Airway smooth muscle
icimkbdj-1,AT2,0.5486,0.0567,Distal epithelium
icimnepl-1,AT2,0.5838,0.1154,Distal epithelium
iciomflb-1,AT2,0.2522,0.0722,Distal epithelium
icjggaih-1,AT2,0.4158,0.087,Multiciliated
ickojlgn-1,Plasma cells,0.4313,0.0137,Secretory
iclnlnpa-1,AT1,0.4726,0.0041,AT2
iclpplko-1,AT2,0.6297,0.1285,AT1
icmbbhlb-1,AT2,0.3607,0.0283,AT1
icmbphmb-1,AT1,0.3854,0.0817,Goblet
icmcakkg-1,AT2,0.5454,0.1139,Distal epithelium
icmhaclp-1,AT2,0.5271,0.0681,T/NK cells
icmllcil-1,AT2,0.5803,0.0569,Alveolar fibroblasts
icmmcbka-1,AT2,0.5923,0.1242,T/NK cells
icmnpncp-1,AT2,0.5767,0.1159,Distal epithelium
icndbddp-1,AT2,0.5891,0.1231,AT1
icndggbl-1,AT2,0.5432,0.1373,Distal epithelium
icnhilbm-1,AT1,0.4659,0.1177,AT2
icnkndai-1,AT1,0.4673,0.0392,AT2
icnlmjjk-1,AT2,0.5606,0.092,AT1
icnpgblp-1,AT2,0.388,0.0167,T/NK cells
icoalhbp-1,AT2,0.5254,0.0375,Distal epithelium
icpbnbeo-1,AT2,0.4165,0.0975,AT1
icpccpie-1,AT1,0.4847,0.0013,AT2
idaadfgf-1,AT2,0.3973,0.109,Distal epithelium
idaagjch-1,AT2,0.6144,0.0683,Distal epithelium
idaahfpo-1,AT2,0.571,0.1423,Distal epithelium
idaamddm-1,AT2,0.5118,0.0772,AT1
idagcnbf-1,AT2,0.5061,0.016,Alveolar fibroblasts
idaojkec-1,AT2,0.3946,0.045,T/NK cells
idaopdka-1,AT2,0.2812,0.0759,T/NK cells
idbahdbd-1,AT2,0.2908,0.0565,AT1
idbekgkn-1,T/NK cells,0.4259,0.015,AT2
idbfehnf-1,AT2,0.6332,0.149,Distal epithelium
idbgjeph-1,AT2,0.4583,0.047,AT1
idbgkbfh-1,AT2,0.5268,0.0966,AT1
idbljhaf-1,AT2,0.4548,0.0713,Distal epithelium
idbmphff-1,AT2,0.2431,0.0037,AT1
idbnchgh-1,AT2,0.5465,0.0831,Multiciliated
idbpadnc-1,AT2,0.6436,0.0474,Distal epithelium
idchnhhd-1,Multiciliated,0.4494,0.0422,AT2
idcibibl-1,AT1,0.5081,0.0117,AT2
idclcfbb-1,AT1,0.5253,0.0763,AT2
idcpbhha-1,AT2,0.625,0.1859,AT1
idddpamn-1,AT2,0.2732,0.068,AT1
iddeidif-1,AT2,0.5657,0.0394,AT1
iddelkmp-1,AT2,0.5681,0.0855,AT1
iddioego-1,AT1,0.4933,0.0379,AT2
iddioino-1,AT2,0.4433,0.1645,T/NK cells
iddjebia-1,AT1,0.2855,0.0197,AT2
iddjggdh-1,Alveolar fibroblasts,0.492,0.0188,Airway smooth muscle
iddjpcol-1,AT2,0.4173,0.0323,T/NK cells
iddkpbeo-1,AT2,0.5145,0.0443,AT1
iddnoljd-1,AT2,0.3594,0.113,Distal epithelium
idecfnag-1,AT2,0.4776,0.0767,T/NK cells
ideibdhk-1,AT2,0.4516,0.0806,AT1
idekamjf-1,AT2,0.4288,0.0524,AT1
idekiebg-1,AT2,0.5452,0.1475,AT1
idenchmk-1,AT1,0.6237,0.0343,AT2
idfcplmm-1,AT2,0.5187,0.0662,Goblet
idfenopm-1,AT2,0.3294,0.1043,B cells
idffaebl-1,AT1,0.3549,0.0294,AT2
idfgbpcg-1,AT2,0.5895,0.159,AT1
idgddlgc-1,AT2,0.5774,0.1925,Multiciliated
idifhjjd-1,Goblet,0.3856,0.0143,Multiciliated
idmfhdll-1,AT2,0.4885,0.1921,AT1
iebegomk-1,AT2,0.4586,0.073,Goblet
iebjjonk-1,AT2,0.5096,0.107,Multiciliated
iefhmmjl-1,AT2,0.5241,0.092,Goblet
ieillelb-1,AT2,0.6091,0.1801,AT1
iejdphcd-1,Goblet,0.5691,0.0255,AT2
iekehbof-1,Goblet,0.4477,0.0581,Basal
iemndpll-1,AT2,0.6079,0.1454,Distal epithelium
ienapaed-1,AT2,0.5067,0.0852,AT1
iencdoba-1,AT2,0.3255,0.0022,AT1
ienchbgh-1,AT2,0.3283,0.074,Goblet
ienpbdpp-1,AT2,0.5379,0.0999,T/NK cells
ieombgpi-1,AT2,0.3973,0.0274,Goblet
iepokboa-1,AT2,0.5248,0.0873,Distal epithelium
ifbjbnmc-1,AT2,0.6347,0.0546,Goblet
ifbjcohe-1,AT2,0.5513,0.0399,Goblet
ifccgnao-1,AT2,0.6237,0.1354,Goblet
ifcgkkil-1,AT2,0.6234,0.141,Goblet
ifcmcfof-1,AT2,0.7115,0.1818,AT1
ifdcailb-1,AT2,0.5497,0.0267,Goblet
ifdfadac-1,AT2,0.6352,0.0138,Goblet
ifdihkge-1,AT2,0.4701,0.1106,Goblet
ifdkllmd-1,T/NK cells,0.4808,0.0008,AT2
ifdnpmej-1,T/NK cells,0.4883,0.0307,Goblet
ifeijghj-1,AT2,0.4386,0.0322,T/NK cells
ifeijjca-1,AT2,0.4164,0.051,Multiciliated
ifeindio-1,Goblet,0.2378,0.0108,AT2
ifeinmkp-1,AT2,0.6466,0.1112,Goblet
ifemaaod-1,AT2,0.652,0.0763,Goblet
ifeoocmf-1,AT2,0.6042,0.1098,Distal epithelium
iffdheip-1,Adventitial fibroblasts,0.5023,0.0437,Alveolar fibroblasts
iffekppi-1,AT2,0.5336,0.0221,T/NK cells
iffghgpg-1,AT2,0.4587,0.0143,Goblet
iffgijon-1,AT2,0.2573,0.0182,Goblet
iffifddf-1,AT2,0.4651,0.0717,Goblet
iffmmjoh-1,AT2,0.6246,0.08,Goblet
iffnoeoj-1,Basal,0.3733,0.0124,Goblet
iffochni-1,AT2,0.6029,0.0129,Goblet
ifgaafgg-1,Goblet,0.4758,0.0174,T/NK cells
ifgbmhlg-1,AT2,0.4688,0.09,Goblet
ifgdejfj-1,Goblet,0.4656,0.0477,Basal
ifgdinfh-1,Goblet,0.5046,0.001,AT2
ifgjoehg-1,AT2,0.6795,0.1734,Goblet
ifhdiohm-1,AT2,0.5136,0.2321,Multiciliated
ifhdipdm-1,AT2,0.5431,0.1177,Distal epithelium
ifhmepmn-1,AT2,0.6544,0.1585,Goblet
ifhnkhda-1,AT1,0.4621,0.0915,Lymphatic EC
ifhpdmjg-1,AT2,0.6373,0.1032,Goblet
ifibilag-1,AT2,0.5682,0.0721,Goblet
ifjafffk-1,AT2,0.5494,0.1582,T/NK cells
ifmnodlo-1,Alveolar macrophages,0.4216,0.0297,AT2
ifoondhg-1,AT2,0.5601,0.1193,Distal epithelium
ifpkokkd-1,AT2,0.5313,0.089,Goblet
igaojoah-1,Lymphatic EC,0.4217,0.0392,AT2
igpclodc-1,AT2,0.5538,0.0598,AT1
iiceeajd-1,Goblet,0.4448,0.0179,AT2
iicegpeo-1,AT2,0.6198,0.062,Goblet
iiceipkc-1,AT2,0.6334,0.1221,Goblet
iicpblkm-1,AT2,0.6017,0.0615,Goblet
iidclfdc-1,AT2,0.6253,0.1624,Distal epithelium
iiddekld-1,AT2,0.5844,0.182,Distal epithelium
iiddfnoi-1,AT2,0.6402,0.1185,Distal epithelium
iideadpn-1,AT2,0.6041,0.142,AT1
iidecgcm-1,AT2,0.5016,0.0917,Distal epithelium
iidkgdik-1,AT2,0.3292,0.1032,Goblet
iidlbajg-1,AT2,0.3032,0.0438,Goblet
iidljnil-1,AT2,0.5573,0.142,AT1
iidmfffh-1,AT2,0.612,0.171,Distal epithelium
iieappdl-1,AT2,0.6324,0.0276,T/NK cells
iiedgfcj-1,AT2,0.6203,0.1964,Distal epithelium
iiedodhp-1,AT2,0.5932,0.0203,AT1
iieeiiig-1,AT2,0.5625,0.1622,Multiciliated
iiefikcl-1,AT2,0.7241,0.1726,Distal epithelium
iiekajnn-1,AT2,0.6102,0.1289,Multiciliated
iiekglkh-1,AT2,0.543,0.1021,AT1
iieobcfj-1,AT2,0.6144,0.0593,Alveolar fibroblasts
iifjfahf-1,AT2,0.3963,0.0667,Alveolar fibroblasts
iifpappe-1,AT2,0.708,0.1732,AT1
iigignpk-1,AT2,0.5988,0.1522,AT1
iigkflem-1,Airway smooth muscle,0.4418,0.0336,T/NK cells
iigmbdgj-1,AT2,0.5036,0.0768,AT1
iigmdaij-1,AT2,0.4761,0.1691,AT1
iigpcmke-1,AT2,0.4443,0.1513,AT1
iihapneb-1,AT2,0.597,0.131,AT1
iihdkncm-1,AT2,0.6255,0.0956,AT1
iiheecbk-1,AT2,0.5253,0.094,AT1
iihgpkbj-1,AT2,0.4594,0.0871,Distal epithelium
iihlfcmc-1,AT2,0.4724,0.0919,AT1
iihnechh-1,AT2,0.6129,0.0125,AT1
iihoakgo-1,AT2,0.5959,0.0743,AT1
iiiifcnp-1,Goblet,0.4681,0.0172,AT2
iiiigkpk-1,AT2,0.5362,0.072,AT1
iiimdjni-1,AT2,0.5541,0.1028,AT1
iiipbpaa-1,AT2,0.5293,0.0824,Distal epithelium
iiipobpg-1,AT2,0.4746,0.0944,AT1
iiipofef-1,AT2,0.6593,0.2212,Distal epithelium
iijbjapa-1,Interstitial macrophages,0.2952,0.0079,Alveolar macrophages
iijcckad-1,AT2,0.5977,0.0905,Goblet
iijdcemk-1,AT2,0.5695,0.1473,Distal epithelium
iijdfefo-1,AT2,0.4471,0.02,Distal epithelium
iijfdepb-1,AT2,0.6139,0.0462,AT1
iijfipmg-1,AT2,0.5211,0.1199,T/NK cells
iijkcjef-1,AT1,0.3963,0.0756,AT2
iijkhglc-1,AT2,0.5162,0.1521,Distal epithelium
iijkimci-1,AT2,0.6369,0.1486,Distal epithelium
iijlheca-1,AT2,0.6109,0.1735,AT1
iijmhpah-1,AT2,0.572,0.2369,Multiciliated
iijoejnn-1,AT2,0.5692,0.1441,Multiciliated
iikhndff-1,AT2,0.5484,0.0255,Airway smooth muscle
iiklebal-1,Goblet,0.4,0.0531,Multiciliated
iikohhni-1,AT2,0.589,0.0261,Goblet
iikohnan-1,AT2,0.6729,0.1017,Goblet
iikpheik-1,AT2,0.5526,0.0882,AT1
ijaaohbd-1,AT2,0.4557,0.0945,T/NK cells
ijdclpkj-1,AT2,0.5129,0.1434,Distal epithelium
ijdepdko-1,AT2,0.4231,0.0634,AT1
ijdhmlei-1,AT2,0.4606,0.1325,AT1
ijdigkfp-1,AT2,0.4737,0.1158,AT1
ijdklikd-1,AT2,0.4351,0.0481,AT1
ijdlaico-1,AT2,0.5883,0.1333,Multiciliated
ijdlhcpo-1,AT2,0.6071,0.106,Distal epithelium
ijdoghcn-1,AT2,0.4255,0.07,AT1
ijdohooa-1,AT2,0.3161,0.0056,AT1
ijdpchnc-1,AT2,0.4749,0.074,Distal epithelium
ijealffa-1,AT2,0.3822,0.0457,Multiciliated
ijeaobmj-1,AT2,0.5538,0.0997,Distal epithelium
ijebfjll-1,AT2,0.6516,0.0861,AT1
ijedhndd-1,AT2,0.5436,0.0123,Distal epithelium
ijedohhl-1,AT2,0.5426,0.0558,AT1
ijehgomp-1,AT2,0.5473,0.0464,T/NK cells
ijekgnhn-1,AT2,0.582,0.0919,AT1
ijeoehnc-1,AT2,0.412,0.0136,Distal epithelium
ijepciia-1,AT2,0.4446,0.0939,T/NK cells
ijfbbkog-1,AT2,0.2818,0.1061,Distal epithelium
ijfbcdho-1,AT2,0.4894,0.1783,Distal epithelium
ijfbcggb-1,Airway smooth muscle,0.5391,0.0234,T/NK cells
ijfbknji-1,AT2,0.6063,0.1613,AT1
ijfcobad-1,AT2,0.5453,0.2173,Distal epithelium
ijfcoeci-1,AT2,0.406,0.0252,AT1
ijffclbk-1,Multiciliated,0.408,0.0352,AT2
ijffgdma-1,AT2,0.6006,0.2152,Basal
ijffklpk-1,AT2,0.4904,0.0481,AT1
ijfgbgla-1,Goblet,0.4192,0.0358,Multiciliated
ijfgckoc-1,AT2,0.6084,0.0575,AT1
ijfjcffl-1,AT2,0.4169,0.1037,AT1
ijfjimjf-1,AT2,0.4543,0.0532,Goblet
ijfnheid-1,AT2,0.5305,0.1624,Multiciliated
ijfnhjin-1,AT1,0.2566,0.0277,AT2
ijfnolhc-1,AT2,0.1591,0.0019,AT1
ijfpnahf-1,Distal epithelium,0.4462,0.0515,AT1
ijgdfmoc-1,AT2,0.4827,0.0141,Goblet
ijgemock-1,AT2,0.502,0.0629,Distal epithelium
ijggbhfn-1,Airway smooth muscle,0.4137,0.0122,Alveolar fibroblasts
ijhbnico-1,Goblet,0.5488,0.0331,AT2
ijhcceof-1,AT2,0.5617,0.1276,Goblet
ijhgodab-1,AT2,0.3553,0.0582,Alveolar fibroblasts
ijhhbdfm-1,AT2,0.6715,0.1528,Goblet
ijhhijea-1,AT2,0.5407,0.0615,Airway smooth muscle
ijhjaccj-1,AT2,0.6524,0.1989,Distal epithelium
ijhjamdl-1,AT2,0.5699,0.0229,AT1
ijhkpadi-1,AT2,0.4539,0.2204,Multiciliated
ijhodkci-1,AT2,0.5043,0.1367,Distal epithelium
ijhopogl-1,AT2,0.606,0.1405,Distal epithelium
ijiaeeed-1,AT2,0.4907,0.2153,Multiciliated
ijiaepoe-1,AT2,0.362,0.0744,Distal epithelium
ijibfelm-1,AT2,0.4856,0.0448,Distal epithelium
ijicijjl-1,AT2,0.4553,0.1069,T/NK cells
ijidbahl-1,AT2,0.4868,0.1227,AT1
ijiddmph-1,AT2,0.5585,0.1113,Multiciliated
ijienmhg-1,AT2,0.4032,0.0467,B cells
ijifpmgm-1,AT2,0.5989,0.1833,AT1
ijihelme-1,AT2,0.7054,0.1154,AT1
ijjglabn-1,T/NK cells,0.4502,0.0125,Distal epithelium
ijjifdhk-1,AT2,0.3683,0.0426,Multiciliated
ijjijlab-1,AT2,0.6414,0.0871,Distal epithelium
ijjjmini-1,AT2,0.4721,0.0686,Goblet
ijjmhdgm-1,AT2,0.6886,0.075,AT1
ijjnkohm-1,AT2,0.5085,0.0598,Distal epithelium
ijjohfhg-1,AT2,0.5205,0.0619,AT1
ijjohlmg-1,AT2,0.5513,0.0049,AT1
ijjojfpj-1,AT2,0.4153,0.0476,AT1
ijjoodao-1,AT2,0.6221,0.1892,Goblet
ijjpickn-1,AT2,0.4999,0.0065,T/NK cells
ijjppemc-1,AT2,0.5328,0.0754,AT1
ijkbkkcl-1,AT1,0.5106,0.034,AT2
ijkfanof-1,AT2,0.529,0.1242,Distal epithelium
ijkgbcfj-1,AT2,0.3112,0.027,T/NK cells
ijkgoapo-1,Airway smooth muscle,0.5042,0.0082,Alveolar fibroblasts
ijkkcpim-1,AT2,0.5181,0.0363,AT1
ijkoemdg-1,AT2,0.4942,0.1063,Distal epithelium
ijlamifn-1,AT2,0.6818,0.0939,AT1
ijlbmpfn-1,AT2,0.3275,0.0302,Distal epithelium
ijlboknd-1,AT2,0.3862,0.0087,Goblet
ijlcpijb-1,AT2,0.4839,0.0424,AT1
ijlebcfo-1,AT2,0.5781,0.1221,Distal epithelium
ijlhifmf-1,AT2,0.4954,0.0081,Goblet
ijlilnjf-1,AT2,0.4242,0.1103,AT1
ijlmfnok-1,Distal epithelium,0.5079,0.0292,AT2
ijlooipg-1,AT2,0.2978,0.0746,AT1
ijmchmop-1,AT2,0.5711,0.1384,AT1
ijmfcnhf-1,AT1,0.365,0.0169,AT2
ijmmplii-1,AT1,0.4882,0.0273,T/NK cells
ijmnogep-1,AT2,0.4414,0.0196,Distal epithelium
ijndlebd-1,Distal epithelium,0.3982,0.0109,AT2
ijngmnen-1,AT2,0.5468,0.083,AT1
ijnjflnm-1,AT2,0.4968,0.1193,AT1
ijnnmdph-1,AT2,0.5274,0.1094,AT1
ijoagjim-1,AT2,0.5013,0.0601,Distal epithelium
ijobikco-1,AT2,0.4121,0.0307,Distal epithelium
ijobjnea-1,AT2,0.4772,0.1497,AT1
ijodmgmd-1,AT2,0.4207,0.0419,T/NK cells
ijoeddmf-1,AT2,0.5184,0.101,AT1
ijoflank-1,AT2,0.535,0.1081,Alveolar fibroblasts
ijogpjlo-1,AT2,0.5783,0.1706,AT1
ijpibpgg-1,Alveolar fibroblasts,0.3787,0.0294,T/NK cells
ijpkpehl-1,EC aerocyte capillary,0.3181,0.017,EC venous
ikaglmgj-1,AT2,0.508,0.1366,AT1
ikbdamdc-1,AT2,0.5725,0.1524,Goblet
ikbdgomc-1,AT2,0.5989,0.1589,Goblet
ikbglfnn-1,AT2,0.6389,0.1985,AT1
ikblmmii-1,AT2,0.5385,0.1531,AT1
ikbmlcoo-1,AT2,0.4108,0.0446,Multiciliated
ikbnkfof-1,AT2,0.4175,0.0655,Distal epithelium
ikbpeokb-1,AT2,0.5748,0.0915,Airway smooth muscle
ikbpicnl-1,AT2,0.4245,0.0564,Goblet
ikcjihdg-1,AT2,0.4467,0.0784,AT1
ikckjlid-1,AT2,0.5194,0.0476,Goblet
ikcobpfh-1,AT2,0.4329,0.0744,AT1
ikcpmaja-1,AT2,0.6146,0.1724,Distal epithelium
ikcpnlop-1,AT2,0.4347,0.076,T/NK cells
ikdaniph-1,Secretory,0.368,0.0235,Plasma cells
ikdaoigg-1,Distal epithelium,0.2733,0.0111,AT1
ikdbiked-1,AT2,0.5615,0.1584,AT1
ikdbmbod-1,AT2,0.5051,0.1498,AT1
ikdhhlel-1,AT2,0.4776,0.0351,AT1
ikdimbeo-1,AT2,0.3795,0.0959,Multiciliated
ikdkagip-1,AT2,0.6831,0.1393,AT1
ikdokjco-1,AT2,0.5232,0.0797,AT1
ikeacnbe-1,AT2,0.4817,0.1106,Distal epithelium
ikedipil-1,AT2,0.2571,0.0792,Goblet
ikedjean-1,AT2,0.4282,0.0089,T/NK cells
ikeegmde-1,AT2,0.5574,0.1981,AT1
ikeeijom-1,AT2,0.5527,0.1335,Multiciliated
ikefbgeg-1,AT2,0.5437,0.0585,Distal epithelium
ikehkfbm-1,AT2,0.5897,0.0253,AT1
ikejadlc-1,AT2,0.4854,0.0862,Distal epithelium
ikejegha-1,Alveolar fibroblasts,0.3555,0.0413,Airway smooth muscle
ikenipme-1,AT1,0.4435,0.0135,AT2
ikfbnbpa-1,Alveolar fibroblasts,0.5921,0.0902,Airway smooth muscle
ikfciibg-1,Goblet,0.297,0.0011,AT2
ikfcjegf-1,AT2,0.6315,0.1128,Goblet
ikfenijd-1,AT2,0.409,0.0231,AT1
ikfeoahn-1,AT2,0.483,0.1376,Multiciliated
ikfgjcbk-1,AT2,0.3198,0.0345,Multiciliated
ikfinhob-1,AT2,0.504,0.163,AT1
ikfjjdac-1,Adventitial fibroblasts,0.1857,0.0025,EC aerocyte capillary
ikflahbm-1,AT2,0.5109,0.0208,Distal epithelium
ikfnfcff-1,AT2,0.4241,0.0917,AT1
ikfnkgnh-1,AT2,0.4051,0.0948,Distal epithelium
ikfojjma-1,AT2,0.5043,0.0649,AT1
ikfojkbk-1,AT2,0.4393,0.149,Interstitial macrophages
ikggghma-1,AT2,0.5566,0.1335,AT1
ikggkgdj-1,AT2,0.2742,0.027,Plasma cells
ikggkolg-1,AT2,0.5022,0.1458,Distal epithelium
ikgijibi-1,AT2,0.4381,0.1116,AT1
ikgikjci-1,AT2,0.5076,0.0927,Distal epithelium
ikgkdckn-1,AT1,0.3792,0.0132,AT2
ikgmpnla-1,AT2,0.4856,0.0154,Goblet
ikgnnnag-1,Alveolar fibroblasts,0.4226,0.0945,Airway smooth muscle
ikgofcbc-1,AT1,0.5288,0.0301,AT2
ikgofcdj-1,T/NK cells,0.418,0.0071,AT2
ikgpanma-1,AT2,0.5049,0.0481,T/NK cells
ikgpjcfi-1,AT2,0.3956,0.0889,AT1
ikhadiea-1,AT2,0.5253,0.0483,AT1
ikheiffb-1,Goblet,0.5075,0.0048,AT2
ikhfinjj-1,Airway smooth muscle,0.3657,0.0269,Alveolar fibroblasts
ikhkopgd-1,AT2,0.413,0.0569,T/NK cells
ikildmcb-1,AT2,0.552,0.1233,Distal epithelium
ikilmfba-1,AT2,0.3127,0.0391,AT1
ikingabj-1,AT2,0.4958,0.0898,AT1
ikingfja-1,AT2,0.4486,0.0946,AT1
ikipdjcf-1,AT2,0.4815,0.1498,Distal epithelium
ikipmghe-1,Distal epithelium,0.5728,0.0848,AT2
ikjcpcki-1,AT2,0.4774,0.1615,AT1
ikjimjkm-1,AT2,0.577,0.1706,AT1
ikjiobej-1,AT2,0.4215,0.0334,Distal epithelium
ikjippjd-1,AT2,0.39,0.0967,AT1
ikjjacll-1,AT2,0.5012,0.0536,Goblet
ikjjllce-1,AT2,0.5378,0.0129,Airway smooth muscle
ikjkdnhh-1,AT2,0.4309,0.125,Goblet
ikjlcidb-1,AT2,0.5218,0.1133,Distal epithelium
ikjojdag-1,AT2,0.6392,0.2095,Distal epithelium
ikjokcbe-1,AT2,0.5766,0.063,Distal epithelium
ikjoneoo-1,AT2,0.517,0.046,Distal epithelium
ikjppogm-1,AT2,0.3129,0.0968,AT1
ikkbepeb-1,AT2,0.5155,0.0674,Multiciliated
ikkcnifl-1,AT2,0.4512,0.0604,Distal epithelium
ikkdbcjb-1,AT2,0.5623,0.1711,Multiciliated
ikkdennm-1,AT2,0.5337,0.0093,Alveolar fibroblasts
ikkdmfmi-1,AT2,0.4731,0.0187,AT1
ikkellmh-1,AT2,0.584,0.1354,Goblet
ikobihko-1,AT2,0.4204,0.0828,Multiciliated
ikobjlae-1,AT2,0.3491,0.0976,Multiciliated
ikoccjgj-1,AT2,0.3162,0.0609,AT1
ikochpnf-1,AT2,0.5178,0.1254,Distal epithelium
ikocljip-1,AT2,0.6252,0.2687,AT1
ikodleln-1,AT2,0.5747,0.1837,Distal epithelium
ikofeipo-1,AT2,0.6395,0.2807,Multiciliated
ikogfmmk-1,AT2,0.4797,0.1309,Goblet
ikomfbpo-1,AT2,0.4346,0.0978,AT1
ikominko-1,AT2,0.4198,0.0867,Multiciliated
ikophomb-1,AT2,0.5628,0.1896,AT1
ikoppfmj-1,AT2,0.6806,0.1539,Distal epithelium
ikoppgpj-1,AT2,0.6487,0.2124,Distal epithelium
ikpaacpf-1,AT2,0.6311,0.0723,Distal epithelium
ikpokncj-1,AT2,0.4568,0.0137,AT1
ilaaidcc-1,AT1,0.4938,0.0355,Distal epithelium
ilaalccn-1,AT2,0.4474,0.0811,Multiciliated
iladohhf-1,AT2,0.4129,0.007,AT1
iladokki-1,AT2,0.4533,0.0664,AT1
ilahcfpg-1,AT2,0.5715,0.0597,AT1
ilamcomd-1,AT2,0.4919,0.0799,Distal epithelium
ilanbhbj-1,AT2,0.418,0.0489,Alveolar fibroblasts
ilaphedj-1,Distal epithelium,0.2177,0.0164,AT2
ilbaehhl-1,AT2,0.4669,0.046,Goblet
ilbiaiag-1,AT2,0.5667,0.0759,AT1
ilbicpfi-1,AT2,0.3395,0.1138,Multiciliated
ilbjknih-1,AT2,0.5808,0.1715,Distal epithelium
ilbjmbph-1,AT1,0.5185,0.0139,AT2
ilngmikg-1,Goblet,0.4163,0.0047,AT2
iloempmd-1,AT1,0.4538,0.0044,AT2
ilpiekgn-1,AT2,0.4473,0.0374,Multiciliated
ilpigcch-1,AT2,0.5288,0.1116,Distal epithelium
imaekdmi-1,AT2,0.562,0.1357,Distal epithelium
imahgdio-1,AT2,0.4985,0.0936,Distal epithelium
imakbjdm-1,AT2,0.703,0.1431,Distal epithelium
imakcafb-1,AT2,0.5201,0.0795,AT1
imaklnhh-1,AT2,0.4693,0.1183,T/NK cells
imbadcki-1,AT2,0.5008,0.14,AT1
imcaoied-1,AT2,0.4216,0.0925,Goblet
imcipcgd-1,Alveolar macrophages,0.5366,0.0263,AT2
imdfgiec-1,AT1,0.3321,0.0676,Lymphatic EC
imehpikm-1,AT2,0.5669,0.0966,Distal epithelium
imeidmpb-1,AT2,0.5619,0.0434,Goblet
imfiejkl-1,AT2,0.4515,0.0396,Goblet
imfilioa-1,AT2,0.724,0.1889,Distal epithelium
imfjejob-1,AT2,0.6702,0.1422,T/NK cells
imfmgdga-1,AT2,0.4469,0.0485,T/NK cells
imfnjncn-1,AT2,0.4957,0.1892,Distal epithelium
imhigmjb-1,AT2,0.5855,0.2032,AT1
imhllcho-1,AT2,0.5344,0.1327,T/NK cells
imjdcnfl-1,AT2,0.5671,0.1666,Goblet
imjnnmpa-1,AT2,0.6683,0.1591,Goblet
imlaebmb-1,AT2,0.6014,0.048,AT1
imlmfopa-1,AT2,0.5479,0.1309,AT1
imlmgdam-1,AT2,0.5812,0.0904,AT1
imlopaeb-1,AT2,0.5241,0.0033,AT1
immapojo-1,AT2,0.3539,0.1039,Goblet
immbamoi-1,AT2,0.5782,0.1006,Goblet
immdcpgp-1,AT2,0.4183,0.1182,Goblet
immidedf-1,AT2,0.6214,0.158,AT1
immingpc-1,AT2,0.6535,0.0536,Goblet
immjdnnk-1,AT2,0.2602,0.0689,Goblet
immpljej-1,AT2,0.658,0.1236,Goblet
imncfmda-1,AT2,0.6197,0.1495,Goblet
imochdfa-1,AT2,0.7008,0.1439,AT1
impaofch-1,AT2,0.5528,0.1018,Goblet
impbnhia-1,AT2,0.4396,0.1044,Goblet
ioafbban-1,AT2,0.5399,0.0566,AT1
iobndkll-1,AT2,0.3866,0.058,T/NK cells
iocdnomi-1,Goblet,0.3781,0.048,AT2
iodcbiic-1,Goblet,0.3593,0.0006,T/NK cells
ioddkdbm-1,Goblet,0.6175,0.0386,AT2
iodgifbf-1,AT2,0.6222,0.1093,Goblet
ioemmlbe-1,AT2,0.5534,0.1564,T/NK cells
iofkibda-1,AT2,0.3843,0.1556,Distal epithelium
ioiiccki-1,AT2,0.4589,0.0866,Distal epithelium
ioilnnal-1,AT2,0.4771,0.1554,AT1
ioimcajf-1,AT2,0.5352,0.0846,Distal epithelium
ioindeng-1,AT1,0.4783,0.0148,Distal epithelium
ioipddbi-1,AT2,0.4278,0.0246,AT1
ioipmddn-1,AT2,0.5024,0.0648,AT1
iojjfhao-1,Multiciliated,0.4436,0.0009,Goblet
iokbabkn-1,Distal epithelium,0.3346,0.0071,Alveolar fibroblasts
iokbjabc-1,AT2,0.478,0.0046,Distal epithelium
iokebnbm-1,AT2,0.3969,0.1427,AT1
iokiibih-1,AT2,0.5138,0.1155,AT1
iokjajae-1,AT2,0.6436,0.1342,T/NK cells
iokjmjfn-1,AT2,0.5325,0.0567,T/NK cells
iokjoihj-1,AT2,0.4652,0.0434,AT1
iokjphbf-1,AT2,0.4966,0.0726,Goblet
ioklfihd-1,AT2,0.398,0.0002,AT1
ioklfilf-1,AT2,0.5677,0.0616,AT1
iokmnhgi-1,AT2,0.497,0.0998,AT1
iokojhap-1,AT2,0.4578,0.1251,AT1
iolbcibo-1,AT2,0.4227,0.0354,Airway smooth muscle
iolbjcbf-1,AT2,0.3094,0.0832,Distal epithelium
iolbkepn-1,Alveolar fibroblasts,0.4601,0.0318,Airway smooth muscle
iolcmfch-1,AT2,0.4705,0.0365,AT1
ioldjpna-1,AT2,0.3633,0.054,Distal epithelium
iolfaigp-1,Goblet,0.4699,0.0023,AT2
iolgccla-1,AT2,0.3652,0.0295,Airway smooth muscle
iolhkdcc-1,AT2,0.5887,0.2209,Multiciliated
iolhkfpj-1,AT1,0.4782,0.0205,Distal epithelium
iolmkach-1,AT2,0.5002,0.0958,AT1
iolmkbgc-1,AT2,0.5479,0.1005,Goblet
iomabnel-1,AT2,0.5268,0.1151,Distal epithelium
iomaeclh-1,AT2,0.3217,0.0956,AT1
iombdmmb-1,AT2,0.5618,0.1759,AT1
iomckbkl-1,AT2,0.3259,0.1263,AT1
iomfpnoe-1,AT2,0.5005,0.0765,T/NK cells
iomiennn-1,AT2,0.3895,0.066,AT1
iomjjmbe-1,AT2,0.3727,0.0804,AT1
iomjkace-1,AT1,0.4653,0.0176,AT2
iomkihaf-1,AT1,0.376,0.1059,Distal epithelium
iomkolci-1,AT2,0.4355,0.0665,AT1
iomkpnlo-1,AT2,0.4765,0.0535,Multiciliated
iomldamm-1,AT2,0.392,0.0055,Distal epithelium
iomokhlk-1,AT2,0.428,0.1037,Distal epithelium
iompjaho-1,Adventitial fibroblasts,0.3882,0.0186,Basal
ionbdmnf-1,AT2,0.4463,0.0308,AT1
ionbjkna-1,AT2,0.4467,0.1251,AT1
ionbleof-1,AT2,0.5471,0.1477,T/NK cells
ionbnnab-1,AT2,0.5409,0.0625,AT1
ionbpnch-1,AT2,0.4879,0.107,Multiciliated
ioncbjdm-1,AT2,0.5302,0.0904,AT1
ionfdhob-1,Alveolar fibroblasts,0.4259,0.0173,Distal epithelium
iongfhjh-1,AT2,0.386,0.1136,Distal epithelium
iongfnkn-1,AT2,0.3735,0.0624,Goblet
ionghkje-1,AT2,0.4067,0.0648,Distal epithelium
ionjekei-1,Airway smooth muscle,0.4321,0.0073,Alveolar fibroblasts
ionkjmck-1,AT2,0.6444,0.1307,Distal epithelium
ionklkpd-1,AT2,0.6182,0.0926,AT1
ionkmegn-1,AT2,0.5764,0.0451,AT1
ionljohc-1,AT2,0.4558,0.0233,Distal epithelium
ionoebml-1,AT1,0.5369,0.0052,AT2
ionplbog-1,AT2,0.3971,0.1267,AT1
iooadjcg-1,Plasma cells,0.3647,0.0256,Secretory
iooelloc-1,AT2,0.5428,0.1506,AT1
iopdjlej-1,AT2,0.5362,0.1674,Distal epithelium
iopemolc-1,AT2,0.6056,0.0739,Distal epithelium
iopiikgn-1,AT2,0.5914,0.1282,Distal epithelium
iopljkng-1,AT2,0.4855,0.0192,Distal epithelium
ipabdkmj-1,AT2,0.3316,0.037,T/NK cells
ipabhapf-1,AT2,0.389,0.0825,AT1
ipacnldh-1,AT2,0.613,0.0935,AT1
ipaefifl-1,AT2,0.6001,0.159,Distal epithelium
ipaejomc-1,AT2,0.5107,0.0015,Distal epithelium
ipafgkid-1,AT2,0.5598,0.0108,Distal epithelium
ipafmdpg-1,AT2,0.4235,0.036,Distal epithelium
ipaimhia-1,AT2,0.4351,0.0683,Airway smooth muscle
ipanicib-1,AT2,0.4305,0.0771,AT1
ipanobmc-1,AT2,0.5725,0.1081,Distal epithelium
ipaoapma-1,AT2,0.4052,0.0341,Distal epithelium
ipaogdpf-1,AT2,0.4667,0.1628,AT1
ipbamdjh-1,AT2,0.4703,0.0073,AT1
ipbbopgg-1,AT2,0.448,0.1393,Distal epithelium
ipbcamnn-1,AT2,0.5048,0.1002,Distal epithelium
ipbcfpcf-1,Alveolar fibroblasts,0.4516,0.0419,Airway smooth muscle
ipbehjcd-1,AT2,0.4203,0.0065,Distal epithelium
ipbfcani-1,AT2,0.5275,0.0403,Alveolar fibroblasts
ipbfoigj-1,AT2,0.4717,0.0384,AT1
ipbfokee-1,AT2,0.4846,0.0103,Airway smooth muscle
ipbhfalm-1,AT2,0.4898,0.0572,T/NK cells
ipbhnobh-1,AT2,0.3862,0.0872,AT1
ipbiiadf-1,AT2,0.4894,0.0597,T/NK cells
ipbnhdmj-1,Alveolar fibroblasts,0.4414,0.016,Airway smooth muscle
ipbnjnga-1,AT2,0.5059,0.1191,Distal epithelium
ipcdgcno-1,AT2,0.5346,0.0231,AT1
ipcinnml-1,AT2,0.6489,0.1735,AT1
ipclmage-1,AT2,0.4121,0.1276,Distal epithelium
ipclmpaa-1,AT2,0.4397,0.1105,Distal epithelium
ipcnhdob-1,AT2,0.571,0.1024,AT1
ipcnplmi-1,AT2,0.5364,0.1018,AT1
ipcpgpmk-1,AT2,0.5788,0.0817,AT1
ipdbhpgg-1,AT2,0.4884,0.0327,AT1
ipdjiahg-1,AT2,0.5361,0.0643,Distal epithelium
ipdpefld-1,AT2,0.4767,0.0555,Distal epithelium
ipdplmko-1,AT2,0.5609,0.1217,AT1
ipeaakpn-1,AT2,0.5745,0.0663,AT1
ipefhcnn-1,AT1,0.5293,0.0526,Airway smooth muscle
ipeibooe-1,AT1,0.5148,0.0814,AT2
ipeihhpa-1,AT1,0.6234,0.1012,AT2
ipejdagl-1,AT1,0.4506,0.0537,AT2
ipemoclg-1,AT2,0.5123,0.1215,Distal epithelium
ipenfmfk-1,AT2,0.4898,0.1379,Distal epithelium
ipenfpoo-1,AT2,0.3884,0.0362,T/NK cells
ipeobamm-1,AT2,0.6008,0.0985,AT1
ipeplokc-1,AT2,0.3547,0.0409,AT1
ipfabpkf-1,AT2,0.5745,0.1441,Distal epithelium
ipfacejd-1,AT2,0.4836,0.0169,Distal epithelium
ipfcdiif-1,AT2,0.3323,0.0267,Pericytes
ipfebole-1,AT2,0.7013,0.2472,Distal epithelium
ipfelkao-1,EC venous,0.4611,0.0403,EC aerocyte capillary
ipfghhoh-1,Alveolar fibroblasts,0.4094,0.0139,T/NK cells
ipfhangp-1,Distal epithelium,0.2551,0.0469,Schwann cells
ipfhpbcd-1,AT2,0.2313,0.0653,AT1
ipflmjkg-1,AT2,0.4632,0.0188,AT1
ipfopfle-1,AT2,0.4429,0.073,AT1
ipglbbka-1,AT2,0.5182,0.1078,Distal epithelium
ipgldjmi-1,AT2,0.5232,0.0298,AT1
ipgnjejh-1,AT2,0.3898,0.0265,AT1
ipgnmbfi-1,AT2,0.5252,0.0492,Distal epithelium
iphajfmk-1,AT2,0.4673,0.1511,AT1
iphbplik-1,AT2,0.3286,0.0183,Goblet
iphlhnnd-1,AT2,0.5315,0.039,Distal epithelium
iphmccid-1,Alveolar fibroblasts,0.3731,0.0754,Airway smooth muscle
ipidikok-1,AT2,0.3199,0.0543,AT1
ipieellb-1,AT2,0.5909,0.1016,AT1
ipiefbla-1,AT2,0.4502,0.0084,AT1
ipiefmac-1,Multiciliated,0.4039,0.0159,Distal epithelium
ipifldfc-1,T/NK cells,0.4928,0.0513,B cells
ipifollf-1,AT2,0.5501,0.1385,Distal epithelium
ipihogca-1,AT2,0.5828,0.1352,Goblet
ipijilab-1,AT2,0.4309,0.0387,AT1
ipiknjhi-1,AT2,0.57,0.1566,Goblet
ipiljjcl-1,Multiciliated,0.2986,0.0108,AT2
ipimednl-1,AT2,0.4395,0.0943,T/NK cells
ipinbaoo-1,AT2,0.3604,0.0788,Multiciliated
ipioglje-1,AT2,0.3335,0.0786,AT1
ipioiado-1,Distal epithelium,0.3792,0.0129,AT2
ipjafoja-1,AT1,0.5393,0.0376,AT2
ipjepmjk-1,Distal epithelium,0.5627,0.0118,AT2
ipjfdakb-1,Goblet,0.367,0.0073,AT2
ipjhfofa-1,AT2,0.5362,0.0072,Airway smooth muscle
ipjianac-1,AT2,0.4286,0.0878,Distal epithelium
ipjmfjfo-1,AT1,0.4451,0.0597,AT2
ipkbeoof-1,AT2,0.3352,0.0226,Goblet
ipkdjfko-1,AT2,0.408,0.0525,AT1
ipkfcjln-1,AT2,0.3941,0.1211,AT1
ipkfhhof-1,AT2,0.4426,0.0816,AT1
ipkincdl-1,AT2,0.4144,0.0296,T/NK cells
ipkjcofj-1,AT2,0.4456,0.1375,Distal epithelium
ipkkbdpm-1,AT1,0.4229,0.0164,AT2
ipkkdicd-1,AT2,0.5268,0.1218,AT1
ipkmfaek-1,AT2,0.6124,0.0394,AT1
ipleblhl-1,AT1,0.4184,0.0186,Distal epithelium
ipleegjg-1,T/NK cells,0.4702,0.0297,B cells
iplfbogi-1,AT2,0.6149,0.1776,Distal epithelium
iplfjkic-1,AT1,0.4498,0.0421,AT2
iplgaakf-1,AT2,0.5395,0.0809,T/NK cells
iplgagbg-1,AT2,0.2988,0.0041,Alveolar fibroblasts
ipndaoel-1,Basal,0.4367,0.0314,AT2
ipnhchmb-1,Multiciliated,0.5177,0.0415,Goblet
ipohobin-1,AT2,0.6374,0.1604,Multiciliated
ipoiffol-1,AT2,0.5839,0.1355,Multiciliated
ipoldbnl-1,AT2,0.5507,0.0721,AT1
ipolfmoc-1,AT2,0.5512,0.0969,AT1
iponbhka-1,AT2,0.5218,0.0408,Multiciliated
iponcaph-1,T/NK cells,0.4446,0.0032,B cells
ippbidel-1,AT2,0.2829,0.0105,Goblet
ippdjpfm-1,AT2,0.3994,0.0283,T/NK cells
ippemaac-1,AT2,0.6283,0.132,Distal epithelium
ippepibf-1,AT2,0.5652,0.0556,AT1
ipphhghf-1,AT2,0.4018,0.0835,Alveolar fibroblasts
ippibnbm-1,AT2,0.4686,0.0599,AT1
ippidlpl-1,AT2,0.4343,0.0638,Multiciliated
jaafhpbh-1,AT2,0.4991,0.0031,AT1
jaajlblb-1,AT2,0.5159,0.0138,AT1
jaakdgno-1,AT1,0.4805,0.0708,AT2
jaakpnlb-1,AT2,0.4742,0.03,Goblet
jaalopci-1,Alveolar fibroblasts,0.1686,0.0198,Schwann cells
jabdkkko-1,AT2,0.3029,0.0049,Multiciliated
jabeanil-1,Alveolar fibroblasts,0.3542,0.0096,AT2
jabkdgmp-1,AT2,0.2616,0.0361,AT1
jablbfcf-1,AT2,0.4083,0.1227,Lymphatic EC
jablbgpa-1,AT2,0.3762,0.0351,AT1
jabofhle-1,AT2,0.44,0.0172,Distal epithelium
jabombhb-1,AT2,0.4807,0.0634,T/NK cells
jacbjhlc-1,T/NK cells,0.4716,0.0207,Goblet
jacfmnjj-1,AT2,0.6105,0.1265,AT1
jaciokba-1,AT2,0.6403,0.1338,AT1
jaclicbn-1,AT2,0.3077,0.0275,Airway smooth muscle
jacnpfin-1,AT2,0.3242,0.0429,AT1
jacoabca-1,AT1,0.4994,0.0207,AT2
jadailme-1,AT2,0.3688,0.0998,AT1
jadcioop-1,AT2,0.5449,0.0778,AT1
jadgkgij-1,AT2,0.5431,0.0864,AT1
jadhjofj-1,AT2,0.4679,0.0974,Goblet
jadhkikf-1,AT2,0.6706,0.0586,AT1
jadkcnbe-1,Multiciliated,0.3543,0.0049,Distal epithelium
jadlenfd-1,Distal epithelium,0.5086,0.0228,Basal
jadlfdfg-1,Basal,0.5497,0.003,Distal epithelium
jadncgel-1,AT2,0.5014,0.0911,AT1
jaeaoeed-1,AT1,0.4893,0.0082,AT2
jaebinca-1,Distal epithelium,0.4642,0.0029,AT2
jaebknnb-1,AT2,0.3777,0.0357,Goblet
jaecemal-1,AT2,0.4193,0.0184,Alveolar fibroblasts
jaedcnkd-1,AT2,0.465,0.1288,AT1
jaehcooc-1,AT2,0.5543,0.1147,AT1
jafhpndb-1,AT2,0.4435,0.0576,AT1
jafkkekf-1,AT2,0.4511,0.0166,Distal epithelium
jafklaif-1,AT2,0.4016,0.0199,AT1
jafknpna-1,AT2,0.2832,0.1414,Distal epithelium
jafoaghb-1,AT1,0.4349,0.0024,AT2
jagakjop-1,Multiciliated,0.3875,0.0131,AT2
jagbjijp-1,AT2,0.4908,0.0542,Distal epithelium
jagbpfdk-1,AT2,0.4583,0.0856,Multiciliated
jagclhbn-1,AT1,0.4883,0.0228,AT2
jagcpekj-1,AT2,0.4944,0.1015,AT1
jagdkigh-1,AT2,0.4511,0.0386,Distal epithelium
jagecmae-1,AT2,0.5581,0.1994,Multiciliated
jageedle-1,AT2,0.5341,0.1075,AT1
jagfilhm-1,AT2,0.5214,0.1843,Distal epithelium
jaggefni-1,AT2,0.5316,0.1259,Multiciliated
jaggelod-1,AT2,0.6202,0.2287,T/NK cells
jagidinc-1,AT2,0.4993,0.1975,AT1
jagiflpp-1,AT2,0.6497,0.1701,AT1
jagilkpg-1,AT2,0.731,0.2774,Distal epithelium
jagjfekg-1,AT2,0.6426,0.2414,Distal epithelium
jaglpbcf-1,AT1,0.3426,0.0235,AT2
jagnhppn-1,T/NK cells,0.3067,0.004,Interstitial macrophages
jagpekdf-1,AT2,0.4426,0.0717,T/NK cells
jahaapag-1,Goblet,0.2217,0.0026,AT2
jahbjeke-1,AT2,0.398,0.103,AT1
jahdjpcl-1,AT2,0.642,0.1787,Distal epithelium
jahgbpai-1,AT2,0.5505,0.0398,Distal epithelium
jahhnjha-1,AT2,0.5331,0.1069,Distal epithelium
jahjdhil-1,AT2,0.4091,0.1351,Distal epithelium
jahjdmkp-1,AT2,0.2855,0.1308,Multiciliated
jahjefid-1,AT2,0.5567,0.134,Goblet
jahmfaol-1,AT2,0.5266,0.1948,Distal epithelium
jaiacjpg-1,AT2,0.5307,0.0362,Goblet
jaicbagi-1,AT2,0.4771,0.0844,Distal epithelium
jaifhlab-1,AT2,0.5488,0.102,Distal epithelium
jaijfgad-1,AT2,0.2949,0.0523,T/NK cells
jailofgl-1,AT2,0.4537,0.0058,AT1
jaiomiop-1,AT2,0.555,0.0719,Goblet
jaipfoig-1,Airway smooth muscle,0.3536,0.0295,AT2
jajkbmae-1,Airway smooth muscle,0.3285,0.0046,Alveolar fibroblasts
jakbfmef-1,AT2,0.3402,0.0235,Goblet
jakchhef-1,AT2,0.5379,0.0982,AT1
jakdfaoj-1,Alveolar fibroblasts,0.4826,0.063,Airway smooth muscle
jakdfbdp-1,AT2,0.3755,0.1489,Distal epithelium
jakgngoc-1,AT2,0.5047,0.1693,Multiciliated
jakibdln-1,AT2,0.4932,0.0824,AT1
jakiemni-1,AT2,0.3602,0.0281,AT1
jakjpddd-1,Distal epithelium,0.3063,0.0024,Goblet
jakkpejk-1,Multiciliated,0.3896,0.0045,AT2
jaklihip-1,AT2,0.5583,0.1759,AT1
jakndljc-1,AT2,0.4431,0.1015,Distal epithelium
jakokkmd-1,AT1,0.6073,0.0732,AT2
jakpipjh-1,AT2,0.4922,0.1551,AT1
jalbjcbo-1,AT1,0.1976,0.0076,EC venous
jaleboee-1,AT2,0.3531,0.1005,Distal epithelium
jalibpfn-1,AT1,0.2491,0.0089,AT2
jaljnpik-1,AT2,0.5892,0.1173,T/NK cells
jalllppj-1,AT2,0.5077,0.0931,AT1
jamcbpck-1,AT2,0.5676,0.1593,AT1
jamdgfll-1,AT2,0.3623,0.0734,AT1
jamdneln-1,AT2,0.4677,0.0833,T/NK cells
jamhfkpd-1,AT2,0.3869,0.1307,EC venous
jamkjgjh-1,AT2,0.4874,0.1314,Distal epithelium
jamnaidd-1,Distal epithelium,0.3639,0.0129,AT2
janbjpja-1,AT2,0.4763,0.0608,AT1
janeoebp-1,AT2,0.492,0.076,Distal epithelium
jankeokg-1,Goblet,0.4365,0.0547,Basal
janlbopk-1,Neuroendocrine,0.3117,0.1688,Multiciliated
janmhaog-1,AT2,0.4749,0.1573,T/NK cells
janmmghb-1,AT2,0.4431,0.099,Airway smooth muscle
jannakbh-1,AT2,0.5079,0.1553,Multiciliated
jannijof-1,AT2,0.386,0.0952,AT1
jannjcli-1,AT2,0.2935,0.0874,Secretory
janocdcb-1,AT2,0.5592,0.1124,AT1
janoebep-1,AT2,0.358,0.0088,Distal epithelium
janpbfmb-1,AT2,0.6296,0.1584,T/NK cells
janpolmb-1,AT2,0.5742,0.1468,Distal epithelium
jaoaalkk-1,AT2,0.5028,0.0789,AT1
jaoaamjk-1,AT2,0.5933,0.1212,AT1
jaoadanh-1,AT2,0.5627,0.1068,Distal epithelium
jaoaogac-1,Alveolar fibroblasts,0.4624,0.0089,T/NK cells
jaocnkkc-1,AT2,0.2912,0.0735,AT1
jaoefnnd-1,AT2,0.4934,0.0932,T/NK cells
jaoghdid-1,AT2,0.3127,0.0622,Distal epithelium
jaogicnk-1,AT2,0.247,0.0481,AT1
jaoicfbe-1,AT2,0.4167,0.1551,AT1
jaoikeag-1,AT2,0.6105,0.026,Distal epithelium
jaoioifi-1,AT1,0.5936,0.0227,AT2
jaojfbka-1,AT2,0.3971,0.0372,Airway smooth muscle
jaomglbj-1,T/NK cells,0.352,0.0163,AT2
jaomooie-1,AT2,0.4577,0.1692,AT1
jaoobffj-1,AT2,0.5215,0.1273,AT1
jaopnadm-1,AT2,0.5783,0.139,AT1
japbejje-1,AT2,0.3751,0.1187,AT1
japbjahh-1,AT1,0.4,0.084,AT2
japbljnf-1,AT2,0.5275,0.0239,AT1
japfcahe-1,AT2,0.3925,0.1454,AT1
japggklj-1,AT2,0.4876,0.181,Distal epithelium
japhgoof-1,AT2,0.4396,0.0527,Distal epithelium
japjldkf-1,AT2,0.3998,0.1041,Distal epithelium
japmhpjc-1,AT2,0.4191,0.1328,Distal epithelium
japmnock-1,AT2,0.4869,0.0128,Multiciliated
japnmgac-1,AT2,0.3937,0.0343,Goblet
jbaadedl-1,AT2,0.4505,0.0834,T/NK cells
jbaddbhc-1,AT2,0.5957,0.1024,AT1
jbaeokfo-1,AT2,0.5199,0.1128,Distal epithelium
jbaepcbl-1,AT1,0.5519,0.0385,AT2
jbaffngg-1,AT2,0.4028,0.1586,Distal epithelium
jbafgfkb-1,AT2,0.5433,0.084,Airway smooth muscle
jbajgebm-1,AT2,0.4738,0.1583,Multiciliated
jbalnhep-1,AT2,0.3543,0.1197,AT1
jbbhdlke-1,AT2,0.545,0.1027,AT1
jbblhhil-1,AT2,0.5451,0.0677,Distal epithelium
jbbmacba-1,Airway smooth muscle,0.4751,0.001,Alveolar fibroblasts
jbbmidei-1,AT1,0.3243,0.0402,AT2
jbbnmoeb-1,AT2,0.4774,0.1469,Multiciliated
jbboeeon-1,AT2,0.5229,0.0812,AT1
jbbpbodm-1,Distal epithelium,0.4173,0.0008,AT2
jbccjmbb-1,AT2,0.6554,0.1178,AT1
jbccpfgg-1,AT2,0.5227,0.0861,AT1
jbccpfjc-1,AT2,0.6082,0.1203,AT1
jbcdkdfh-1,AT2,0.4059,0.1564,Multiciliated
jbcfobck-1,AT2,0.5003,0.1584,AT1
jbcfoeik-1,AT2,0.4572,0.1238,Distal epithelium
jbcghoga-1,AT2,0.6386,0.0784,AT1
jbciemdm-1,AT2,0.5069,0.0757,AT1
jbcigifm-1,AT2,0.5644,0.1228,Distal epithelium
jbcihbmh-1,AT2,0.4914,0.0832,Goblet
jbcinkjh-1,AT2,0.465,0.0763,Multiciliated
jbcjkkie-1,AT2,0.4756,0.0625,Distal epithelium
jbckikim-1,AT2,0.5236,0.0593,Multiciliated
jbcljjbo-1,AT2,0.5303,0.1246,AT1
jbclnchm-1,AT2,0.5482,0.102,Multiciliated
jbclpieh-1,AT2,0.4672,0.0077,AT1
jbdajjep-1,Airway smooth muscle,0.3206,0.0235,Alveolar fibroblasts
jbdchlbj-1,AT2,0.4215,0.0925,Distal epithelium
jbdcilnm-1,AT2,0.4094,0.0566,Distal epithelium
jbdcjeca-1,AT2,0.3608,0.075,AT1
jbdcmmpb-1,AT2,0.6253,0.0856,AT1
jbddgecp-1,AT2,0.4488,0.0746,AT1
jbddhdia-1,AT2,0.497,0.0376,AT1
jbdkiibn-1,AT2,0.5063,0.0824,AT1
jbdkjmfj-1,AT2,0.6258,0.0977,AT1
jbdlaibp-1,AT2,0.4261,0.0381,Distal epithelium
jbdnning-1,AT2,0.4517,0.0068,AT1
jbeblddh-1,AT2,0.4513,0.1005,Distal epithelium
jbeencie-1,AT2,0.3024,0.0231,T/NK cells
jbeffbhk-1,Alveolar fibroblasts,0.3851,0.0316,Airway smooth muscle
jbehojki-1,AT2,0.434,0.0842,AT1
jbeibgbo-1,AT2,0.4336,0.0136,Alveolar fibroblasts
jbeicdea-1,AT2,0.671,0.134,AT1
jbeilebd-1,Multiciliated,0.3059,0.0038,Distal epithelium
jbeimehd-1,AT2,0.4551,0.0858,Distal epithelium
jbejamel-1,AT2,0.425,0.0962,Goblet
jbejijlb-1,AT2,0.4373,0.1787,AT1
jbekcjmn-1,AT2,0.4469,0.0725,Multiciliated
jbeljaln-1,AT2,0.5307,0.077,AT1
jbeljopg-1,AT2,0.5216,0.1473,AT1
jbenflhg-1,AT1,0.5018,0.0042,AT2
jbfapofl-1,AT2,0.4297,0.089,Goblet
jbfcgamm-1,AT2,0.4944,0.1058,Alveolar fibroblasts
jbfdonnf-1,AT2,0.5871,0.0838,AT1
jbffajgc-1,AT2,0.3933,0.1567,AT1
jbfjeihg-1,Distal epithelium,0.2089,0.0006,AT2
jbflfhdm-1,AT2,0.5004,0.1398,AT1
jbfoepfk-1,AT2,0.5122,0.1587,Distal epithelium
jbfpkhhb-1,AT2,0.5221,0.0173,AT1
jbfpkkji-1,AT1,0.5737,0.0133,AT2
jbfpkmep-1,T/NK cells,0.3693,0.0032,Airway smooth muscle
jbgaaiea-1,AT2,0.5731,0.0363,AT1
jbgdogcd-1,AT2,0.5026,0.0207,Distal epithelium
jbgecbki-1,AT2,0.497,0.1193,AT1
jbgficbo-1,AT2,0.4864,0.1075,Distal epithelium
jbgjepjh-1,AT1,0.5602,0.0305,AT2
jbgmfkpf-1,AT2,0.4557,0.0619,Airway smooth muscle
jbgmgonm-1,EC aerocyte capillary,0.5086,0.0248,EC venous
jbhhjpkb-1,AT1,0.6164,0.0262,AT2
jbhifdmh-1,Airway smooth muscle,0.4531,0.0037,AT2
jbieoeba-1,AT2,0.5155,0.0414,AT1
jbihdngc-1,AT2,0.3041,0.0476,Distal epithelium
jbiojhkd-1,AT2,0.4949,0.1182,Distal epithelium
jbipodcl-1,AT2,0.5424,0.1781,Distal epithelium
jbkdipcg-1,Multiciliated,0.4811,0.002,T/NK cells
jbkdmiid-1,Goblet,0.4446,0.0278,Distal epithelium
jbkfffjd-1,Basal,0.2513,0.0091,Multiciliated
jbngkfmg-1,AT2,0.2683,0.0683,Distal epithelium
jcaknaen-1,EC venous,0.1392,0.0454,Adventitial fibroblasts
jcbaiflh-1,AT1,0.4576,0.0518,Distal epithelium
jcebakjf-1,AT2,0.2909,0.0207,Distal epithelium
jcelcooh-1,AT2,0.4356,0.0447,Multiciliated
jcoomhip-1,AT2,0.6227,0.2205,Distal epithelium
jcopoime-1,AT2,0.4743,0.1726,AT1
jcpbhkmh-1,AT2,0.6864,0.2459,AT1
jcpbjhjp-1,AT1,0.5278,0.0593,AT2
jcpcngin-1,AT2,0.5582,0.1746,AT1
jcpjfihc-1,AT2,0.5978,0.2113,AT1
jcpjhchh-1,AT2,0.6903,0.1838,Goblet
jcpljhea-1,AT2,0.6635,0.2351,Distal epithelium
jdcemdjf-1,AT2,0.7468,0.2365,Multiciliated
jdcknnek-1,AT2,0.7346,0.2095,Distal epithelium
jddahbca-1,AT2,0.3605,0.0856,Distal epithelium
jddckppm-1,AT2,0.6417,0.0197,T/NK cells
jdddfieb-1,AT2,0.6567,0.1127,Distal epithelium
jdddihip-1,AT2,0.4259,0.0625,AT1
jddibnmp-1,AT2,0.2417,0.1001,AT1
jddiconm-1,AT2,0.5247,0.1518,Goblet
jddigbke-1,AT2,0.5459,0.1668,Airway smooth muscle
jddiimbp-1,AT2,0.505,0.1231,T/NK cells
jddlijkj-1,AT2,0.4634,0.0647,AT1
jddllcme-1,AT2,0.4826,0.0794,AT1
jddmhekf-1,AT2,0.6037,0.1129,Distal epithelium
jddmkjmc-1,AT2,0.6455,0.2455,AT1
jddpnjnk-1,AT2,0.6863,0.1106,Distal epithelium
jdeahfoe-1,AT2,0.6027,0.151,Distal epithelium
jdeclmoa-1,AT2,0.6384,0.2362,Goblet
jdedcjfd-1,AT2,0.6543,0.1947,Distal epithelium
jdegaacg-1,Multiciliated,0.4085,0.0093,Goblet
jdegohnp-1,AT2,0.7655,0.2287,AT1
jdehahlb-1,AT2,0.7271,0.2782,Distal epithelium
jdehblpi-1,AT2,0.7056,0.2241,AT1
jdeheibh-1,AT2,0.7548,0.198,Distal epithelium
jdehjocl-1,AT2,0.5231,0.1204,AT1
jdeikmlc-1,AT2,0.6711,0.2288,Multiciliated
jdekcjhf-1,AT2,0.6653,0.1104,Goblet
jdenijih-1,AT2,0.7051,0.2475,AT1
jdeoblkf-1,AT2,0.766,0.2004,AT1
jdeocdln-1,AT2,0.6256,0.2385,Goblet
jdeocgdm-1,AT2,0.5908,0.1333,Goblet
jdeopdoi-1,AT2,0.6834,0.2064,Distal epithelium
jdepadnp-1,AT2,0.5648,0.1281,AT1
jdepgkef-1,AT2,0.6229,0.075,AT1
jdfceaem-1,AT1,0.3865,0.0159,T/NK cells
jdfciogh-1,AT2,0.6308,0.1009,T/NK cells
jdfedcdc-1,AT2,0.2721,0.0204,Multiciliated
jdfehkld-1,AT2,0.6555,0.1466,Goblet
jdfemgon-1,AT2,0.6355,0.1249,AT1
jdffljdc-1,AT2,0.5846,0.0624,Distal epithelium
jdfgiijh-1,AT2,0.6383,0.1726,AT1
jdfhhkcm-1,AT2,0.6572,0.1566,Distal epithelium
jdfjicfn-1,AT2,0.6725,0.1933,Distal epithelium
jdfnifan-1,AT2,0.6964,0.2126,AT1
jdfodged-1,AT2,0.6723,0.2154,Distal epithelium
jdfoleoo-1,AT2,0.6624,0.1803,Distal epithelium
jdgamopg-1,AT2,0.6332,0.1254,Distal epithelium
jdgcnaem-1,AT2,0.7239,0.1628,AT1
jdgebgbk-1,AT2,0.6247,0.09,AT1
jdgebija-1,AT2,0.5335,0.0862,AT1
jdgechib-1,AT2,0.6747,0.1988,AT1
jdgelfni-1,AT2,0.5654,0.0501,Alveolar fibroblasts
jdgfnmlf-1,AT2,0.5242,0.1114,AT1
jdghbhgm-1,AT2,0.5813,0.1032,AT1
jdghikgk-1,AT2,0.7205,0.1985,AT1
jdgigkjn-1,AT2,0.4087,0.1288,Schwann cells
jdgimmdj-1,AT2,0.6544,0.1707,Multiciliated
jdgjench-1,AT2,0.5196,0.0709,AT1
jdgjhpde-1,AT2,0.6055,0.1722,AT1
jdgjnifl-1,AT2,0.6664,0.2602,Multiciliated
jdgjojle-1,AT2,0.7122,0.2176,Goblet
jdgmenjh-1,AT2,0.6708,0.204,AT1
jdgmoidf-1,AT2,0.7333,0.1915,T/NK cells
jdgnaene-1,AT2,0.6876,0.2238,Distal epithelium
jdgncnbm-1,AT2,0.5958,0.1274,Distal epithelium
jdgocffa-1,AT2,0.692,0.1442,Distal epithelium
jdgpicgk-1,AT2,0.7075,0.1517,Multiciliated
jdhbfdde-1,AT2,0.6893,0.1932,Multiciliated
jdhbgkee-1,AT2,0.7121,0.2126,T/NK cells
jdhcbcbd-1,AT2,0.8072,0.245,Multiciliated
jdhfhnlk-1,AT2,0.625,0.1543,Multiciliated
jdhhbmhm-1,AT2,0.596,0.0731,AT1
jdhhjkce-1,AT1,0.559,0.0345,AT2
jdhibekb-1,AT2,0.4157,0.1395,AT1
jdhkjclp-1,Alveolar fibroblasts,0.5031,0.062,T/NK cells
jdhnjjlp-1,AT2,0.5342,0.1187,AT1
jdhofjab-1,AT2,0.6378,0.1623,Distal epithelium
jdhomhoc-1,AT2,0.4432,0.1006,Multiciliated
jdicdomi-1,AT2,0.5947,0.1437,Distal epithelium
jdidfecg-1,AT2,0.6366,0.1651,Distal epithelium
jdifgihi-1,Alveolar fibroblasts,0.6331,0.0088,AT2
jdiggdan-1,AT2,0.5686,0.0486,Distal epithelium
jdiimblm-1,AT2,0.589,0.1595,Goblet
jdiinffb-1,AT2,0.5244,0.0411,Distal epithelium
jdijaang-1,AT2,0.5051,0.1296,AT1
jdijogmp-1,AT2,0.6371,0.1036,Distal epithelium
jdijojog-1,AT2,0.4511,0.0436,Distal epithelium
jdncdkff-1,AT2,0.5913,0.1989,Distal epithelium
jdnckief-1,AT2,0.5802,0.0501,Goblet
jdneacjd-1,AT2,0.5064,0.0766,T/NK cells
jdnfgjeb-1,AT2,0.4077,0.1567,Multiciliated
jdnicion-1,T/NK cells,0.4951,0.0213,B cells
jeddalph-1,AT2,0.6255,0.1601,Distal epithelium
jeddcdlb-1,AT2,0.6294,0.1537,Goblet
jeddiebe-1,AT2,0.6911,0.164,Multiciliated
jedjmgia-1,EC venous,0.3971,0.0621,EC aerocyte capillary
jedlghpb-1,AT1,0.47,0.0233,AT2
jedlhipj-1,AT2,0.6428,0.2018,Distal epithelium
jedmiogb-1,AT2,0.5857,0.1624,AT1
jedmlgbg-1,AT2,0.5619,0.0649,Distal epithelium
jeecdaji-1,AT2,0.5391,0.1966,T/NK cells
jeeceoac-1,AT2,0.7179,0.2429,Distal epithelium
jeekbnid-1,AT2,0.5215,0.0506,Distal epithelium
jeekilld-1,AT2,0.7729,0.2907,AT1
jeelcone-1,AT2,0.5457,0.0005,Goblet
jeelecfl-1,AT2,0.6053,0.1955,AT1
jeempgno-1,AT2,0.7377,0.1233,Goblet
jeepndap-1,AT2,0.6626,0.2143,Distal epithelium
jefbcaac-1,AT2,0.5182,0.1722,Distal epithelium
jefbdbhd-1,AT2,0.4299,0.0302,Multiciliated
jefbejck-1,AT2,0.5774,0.1614,Lymphatic EC
jefbgfcf-1,AT2,0.7435,0.2821,Multiciliated
jefbjcpa-1,AT2,0.6891,0.1639,Distal epithelium
jefbmbja-1,AT2,0.6279,0.0978,T/NK cells
jefedgah-1,AT2,0.6967,0.149,Distal epithelium
jefkngcd-1,AT2,0.6593,0.1605,AT1
jefmonme-1,AT2,0.6156,0.1628,Distal epithelium
jehhobpn-1,Alveolar fibroblasts,0.4808,0.0033,Distal epithelium
jeienfgm-1,AT2,0.5982,0.1831,Distal epithelium
jenbjfal-1,AT1,0.5189,0.0699,AT2
jfealoph-1,AT1,0.5743,0.0053,AT2
jfeanoej-1,AT2,0.4674,0.1208,Multiciliated
jfebmkjm-1,AT1,0.4298,0.072,AT2
jfeboekp-1,AT2,0.4402,0.0113,Distal epithelium
jfehnbca-1,AT2,0.5839,0.1502,Distal epithelium
jfejenba-1,AT2,0.5401,0.0476,Distal epithelium
jfejpfaf-1,AT2,0.5359,0.0804,Distal epithelium
jfenmkmo-1,AT2,0.4886,0.0776,T/NK cells
jffdmhjl-1,AT2,0.4394,0.0765,Distal epithelium
jffeemea-1,AT2,0.3989,0.0986,AT1
jffenadn-1,AT2,0.4907,0.0508,T/NK cells
jfffnjch-1,AT2,0.5319,0.1903,Distal epithelium
jffljgif-1,AT2,0.523,0.2645,AT1
jffmbdfa-1,AT1,0.2786,0.0873,Distal epithelium
jffndobp-1,Distal epithelium,0.4612,0.0145,T/NK cells
jfgbnnck-1,AT2,0.4561,0.1799,Distal epithelium
jfglijpk-1,AT2,0.1953,0.0313,Distal epithelium
jfglkihm-1,AT2,0.4069,0.0824,AT1
jfgnaebk-1,AT2,0.5334,0.0928,AT1
jfgollbh-1,AT2,0.5657,0.0181,AT1
jfhdfeme-1,Distal epithelium,0.4096,0.042,T/NK cells
jfhdffko-1,AT2,0.5119,0.1044,Multiciliated
jfhfakhe-1,AT2,0.4163,0.0036,AT1
jfhfefja-1,AT2,0.5147,0.1207,Multiciliated
jfhglipc-1,AT2,0.4846,0.0218,T/NK cells
jfhjcjek-1,AT1,0.283,0.0069,Airway smooth muscle
jfhjonif-1,AT2,0.4488,0.073,Distal epithelium
jfhknbmc-1,AT2,0.2011,0.0436,Alveolar fibroblasts
jfhlhkic-1,AT2,0.3931,0.0057,Alveolar fibroblasts
jfhmkmdn-1,AT2,0.4653,0.1435,AT1
jfhngekp-1,AT2,0.6026,0.1161,AT1
jfhngmbd-1,AT2,0.5734,0.15,Distal epithelium
jfhoglac-1,AT2,0.3635,0.1256,AT1
jfiabjal-1,AT2,0.3142,0.0436,AT1
jficdpkd-1,AT2,0.519,0.1328,AT1
jfichphg-1,AT2,0.3364,0.0091,Distal epithelium
jfiecblh-1,AT2,0.4711,0.0393,T/NK cells
jfifmnkg-1,AT2,0.5146,0.1243,AT1
jfifngob-1,AT2,0.2636,0.0328,Interstitial macrophages
jfigcefm-1,AT2,0.2772,0.0652,AT1
jfihfkoo-1,Interstitial macrophages,0.1759,0.0124,Plasma cells
jfihgbkn-1,AT2,0.3532,0.0166,AT1
jfihgkhh-1,Alveolar fibroblasts,0.5108,0.036,Airway smooth muscle
jfihpnfe-1,AT2,0.4559,0.0118,Distal epithelium
jfiikfka-1,AT2,0.4329,0.0244,Distal epithelium
jfiimfji-1,AT2,0.4132,0.0168,AT1
jfikcpdg-1,Distal epithelium,0.3829,0.0076,AT2
jfjcpien-1,Adventitial fibroblasts,0.4141,0.0072,AT2
jfjogbbg-1,AT2,0.5035,0.0864,AT1
jfkiempa-1,AT2,0.497,0.0525,Alveolar fibroblasts
jfkpecgm-1,AT2,0.2772,0.0555,Distal epithelium
jfkpfcoj-1,Plasma cells,0.3482,0.0285,Secretory
jflojoan-1,AT1,0.3025,0.0117,Distal epithelium
jfmbbjpb-1,AT2,0.5237,0.1501,Distal epithelium
jfmcklek-1,AT2,0.4654,0.1537,Distal epithelium
jfmefmdn-1,Alveolar fibroblasts,0.4769,0.0953,Adventitial fibroblasts
jfmgaiok-1,AT2,0.2916,0.1184,EC venous
jfmjnibg-1,AT2,0.3672,0.0325,Distal epithelium
jfmjobpg-1,AT2,0.319,0.0253,Goblet
jfmkhkfe-1,AT2,0.4514,0.154,Distal epithelium
jfmladmf-1,AT2,0.3726,0.0522,Distal epithelium
jfmlfpjp-1,AT2,0.3306,0.0322,Airway smooth muscle
jfmmofoo-1,AT2,0.3833,0.0579,AT1
jfmoohbb-1,AT2,0.4462,0.0676,Distal epithelium
jfnapnhl-1,AT2,0.4655,0.0982,Multiciliated
jfndjgap-1,AT2,0.4945,0.1357,Multiciliated
jfnenchl-1,AT2,0.2512,0.0494,Goblet
jfnioaog-1,AT2,0.4837,0.0961,Goblet
jfnmbjia-1,AT2,0.4593,0.1566,AT1
jfoahnbh-1,T/NK cells,0.3697,0.0309,AT2
jfobjbnp-1,AT2,0.4468,0.1056,AT1
jfoedkmj-1,AT2,0.5502,0.0701,AT1
jfoeojbk-1,AT2,0.561,0.1757,Distal epithelium
jfoflgcj-1,AT2,0.5111,0.1783,AT1
jfofoedn-1,AT1,0.3665,0.024,AT2
jfoheeob-1,AT2,0.5856,0.0705,Distal epithelium
jfojjgia-1,AT2,0.2193,0.1021,AT1
jfojlmih-1,AT2,0.4854,0.2081,Distal epithelium
jfoljbjg-1,AT2,0.542,0.0696,Distal epithelium
jfomkegp-1,AT2,0.4969,0.0686,Goblet
jfonkkgb-1,AT1,0.3748,0.0161,Distal epithelium
jfonpali-1,AT2,0.5066,0.0973,T/NK cells
jfopboib-1,AT2,0.4592,0.0609,AT1
jfopnmjn-1,AT2,0.5171,0.0318,Distal epithelium
jfpdnbal-1,AT2,0.489,0.0599,AT1
jfpegphg-1,AT2,0.4339,0.0854,Distal epithelium
jfpemlgg-1,AT2,0.6688,0.1205,AT1
jfpfdhbo-1,AT2,0.4705,0.0985,Multiciliated
jfphmglp-1,AT2,0.4202,0.0743,Alveolar fibroblasts
jfpicioc-1,AT2,0.5229,0.0919,Distal epithelium
jfpkbdol-1,AT2,0.4465,0.215,AT1
jgaaaici-1,AT2,0.5586,0.1161,Distal epithelium
jgabpkec-1,AT2,0.5347,0.0794,T/NK cells
jgacpddo-1,Alveolar fibroblasts,0.3486,0.0214,Airway smooth muscle
jgaoeech-1,AT2,0.4973,0.1284,AT1
jgbammoe-1,AT2,0.4311,0.1372,Alveolar fibroblasts
jgbbhoii-1,AT2,0.4312,0.1051,Distal epithelium
jgbdpiek-1,Alveolar fibroblasts,0.3997,0.013,AT2
jgbehcdc-1,AT2,0.388,0.0776,AT1
jgbfjblm-1,AT2,0.472,0.11,Multiciliated
jgbhipdc-1,AT2,0.3637,0.0986,Secretory
jgbhlbcd-1,Alveolar fibroblasts,0.4401,0.0121,Airway smooth muscle
jgbhmefp-1,AT2,0.4325,0.0944,T/NK cells
jgbjjpam-1,AT2,0.3319,0.0226,Alveolar fibroblasts
jgbofafm-1,AT2,0.4855,0.0617,Distal epithelium
jgcjphei-1,AT2,0.5164,0.0893,Distal epithelium
jgcmcneg-1,Goblet,0.3976,0.0173,AT1
jgcmhncn-1,AT2,0.4525,0.1374,AT1
jgcmkkkg-1,AT2,0.4775,0.1218,AT1
jgcmpekl-1,AT2,0.3205,0.1361,Distal epithelium
jgcncmkj-1,AT2,0.463,0.06,Distal epithelium
jgcnnbci-1,T/NK cells,0.3908,0.025,Alveolar fibroblasts
jgcoffgd-1,AT2,0.3501,0.0421,Distal epithelium
jgcpgpmc-1,Alveolar fibroblasts,0.3217,0.0291,AT1
jgcplgjd-1,AT2,0.2594,0.0506,Secretory
jgdafkdi-1,AT2,0.4577,0.0417,T/NK cells
jgdahpcl-1,AT1,0.3659,0.0254,AT2
jgdanbim-1,AT2,0.5054,0.1276,Distal epithelium
jgdbcenf-1,AT2,0.5955,0.1325,T/NK cells
jgdbejfe-1,AT2,0.3664,0.0271,AT1
jgdnjbgn-1,AT2,0.3255,0.1135,AT1
jgdogiej-1,AT2,0.3962,0.0509,AT1
jgebeohb-1,AT2,0.4718,0.0833,Goblet
jgebfdkg-1,AT2,0.4851,0.0328,Distal epithelium
jgecifdf-1,AT2,0.4573,0.005,Distal epithelium
jgedghfi-1,Multiciliated,0.4068,0.0079,AT2
jgeemmaj-1,AT2,0.2639,0.0845,Chondrocytes
jgefecgi-1,Secretory,0.4918,0.0362,Distal epithelium
jgekllig-1,AT2,0.5028,0.094,Alveolar fibroblasts
jgeknddh-1,B cells,0.4078,0.0107,T/NK cells
jgekpode-1,AT2,0.3809,0.1058,Plasma cells
jgenkehc-1,AT2,0.5564,0.0063,Goblet
jgeoclng-1,AT2,0.5495,0.0564,AT1
jgeodkei-1,AT2,0.4322,0.0259,AT1
jgfapkkj-1,AT2,0.4693,0.0718,Distal epithelium
jgfckgan-1,AT2,0.555,0.0486,AT1
jgfclggg-1,AT2,0.4663,0.1635,AT1
jgffmaam-1,AT2,0.596,0.0928,Goblet
jgfggopd-1,AT2,0.4717,0.0442,Multiciliated
jgfjmfmm-1,AT2,0.6887,0.0922,AT1
jgfjopad-1,AT2,0.6068,0.1007,AT1
jgflnldc-1,AT2,0.5678,0.1144,Distal epithelium
jggapbma-1,AT2,0.4295,0.1906,Distal epithelium
jggidkco-1,AT1,0.3781,0.0111,AT2
jggjaofe-1,AT2,0.5729,0.0295,AT1
jggnhabl-1,AT2,0.5339,0.0974,AT1
jggpcjkk-1,AT2,0.3821,0.1185,AT1
jggpfgfd-1,AT2,0.6215,0.2018,Multiciliated
jghafpbn-1,AT2,0.4904,0.1239,AT1
jghbgpab-1,AT2,0.3531,0.1044,Multiciliated
jghbjfnl-1,AT1,0.3128,0.0236,AT2
jghbmmgh-1,AT2,0.4179,0.0235,Goblet
jghgnghg-1,AT2,0.5808,0.091,AT1
jghijhdj-1,AT2,0.6516,0.0284,AT1
jghkijep-1,AT2,0.5926,0.1931,Distal epithelium
jghmpngf-1,AT2,0.4565,0.0546,AT1
jghndchl-1,AT2,0.5313,0.108,Distal epithelium
jghndgja-1,AT2,0.4626,0.1511,Multiciliated
jghoahgp-1,AT2,0.4807,0.0167,Distal epithelium
jghoionp-1,AT2,0.4959,0.1265,Goblet
jgiaemph-1,Alveolar fibroblasts,0.637,0.0793,Airway smooth muscle
jgiapfnb-1,AT2,0.5784,0.063,Distal epithelium
jgiddcgp-1,AT2,0.5394,0.132,AT1
jgidfahd-1,AT2,0.4763,0.1387,AT1
jgieignp-1,AT2,0.6112,0.1454,AT1
jgifmenb-1,AT2,0.7919,0.2581,AT1
jgihamhl-1,Distal epithelium,0.4803,0.0497,Airway smooth muscle
jgihfgej-1,AT1,0.4726,0.0942,AT2
jgijlfea-1,AT2,0.4248,0.0062,AT1
jgijpcih-1,AT1,0.4439,0.0352,AT2
jgikaoik-1,AT2,0.5005,0.1115,Distal epithelium
jgimmljb-1,AT2,0.6083,0.1665,AT1
jgiodppd-1,AT2,0.6359,0.0938,AT1
jgiookal-1,AT2,0.585,0.1461,Multiciliated
jgjbbjof-1,AT2,0.7173,0.1197,AT1
jgjbfkmd-1,AT2,0.4563,0.1187,AT1
jgjjejim-1,AT2,0.3711,0.018,T/NK cells
jgjjojfe-1,AT2,0.7164,0.0897,AT1
jgjkhokh-1,AT2,0.5318,0.0802,Distal epithelium
jgjmeolo-1,AT2,0.54,0.1345,AT1
jgjplifd-1,AT2,0.592,0.2072,AT1
jgkapeno-1,AT2,0.4853,0.1621,Goblet
jgkbkmeh-1,Interstitial macrophages,0.491,0.0787,AT2
jgkcclhk-1,AT2,0.5543,0.0363,Goblet
jgkcdomf-1,AT2,0.5666,0.0958,AT1
jgkdhpij-1,AT2,0.2798,0.0752,Multiciliated
jgkdoahf-1,AT2,0.2169,0.086,AT1
jgkdpkhe-1,AT2,0.5985,0.065,Distal epithelium
jgkllfak-1,AT2,0.5402,0.1422,Distal epithelium
jgklppkl-1,AT2,0.4207,0.036,Distal epithelium
jgkmcipf-1,AT2,0.4785,0.0359,EC venous
jgkmnbhf-1,AT2,0.4888,0.0534,Multiciliated
jgkpplgm-1,AT2,0.5245,0.1109,Distal epithelium
jglaffof-1,AT2,0.6006,0.1681,AT1
jglbbblp-1,AT2,0.4541,0.1066,Goblet
jglbbifd-1,AT2,0.5322,0.1357,Multiciliated
jglbemph-1,AT2,0.3874,0.0086,AT1
jglcacmc-1,AT2,0.4861,0.1435,Distal epithelium
jgldhblc-1,AT2,0.5318,0.0421,Multiciliated
jglefgme-1,AT2,0.4249,0.0379,Goblet
jglhdlkh-1,Adventitial fibroblasts,0.5839,0.0307,Airway smooth muscle
jglkeial-1,AT2,0.6445,0.0014,AT1
jglkpglc-1,AT2,0.6058,0.0744,AT1
jgllkfoa-1,AT2,0.4364,0.1178,AT1
jglocmig-1,AT2,0.5469,0.0028,AT1
jgloeddl-1,AT2,0.4339,0.0547,AT1
jgmbefpc-1,AT2,0.5305,0.0598,AT1
jgmdfgbk-1,AT2,0.2447,0.0451,B cells
jgmeiaei-1,AT2,0.6002,0.1669,AT1
jgmepnic-1,AT2,0.5404,0.0246,AT1
jgmganpd-1,AT2,0.6036,0.1098,Distal epithelium
jgmgcjla-1,AT2,0.5393,0.0761,AT1
jgmgnaah-1,AT2,0.4746,0.085,T/NK cells
jgmjifei-1,Alveolar fibroblasts,0.4549,0.0367,AT2
jgmjjoam-1,AT2,0.5738,0.0802,AT1
jgmjlkie-1,AT2,0.3689,0.1426,Distal epithelium
jgmlbenk-1,AT2,0.5445,0.1093,AT1
jgmmjbcn-1,AT2,0.5155,0.1068,AT1
jgmnjncn-1,Alveolar fibroblasts,0.4937,0.016,AT2
jgmocaeh-1,AT2,0.527,0.1106,AT1
jgmoppoe-1,AT2,0.4314,0.0995,Alveolar fibroblasts
jgmplmpe-1,AT2,0.6443,0.2056,Distal epithelium
jgncaclf-1,AT2,0.6673,0.1525,AT1
jgnebnpf-1,AT2,0.4685,0.1409,AT1
jgnjbknk-1,AT2,0.5902,0.1012,Distal epithelium
jgnlfjee-1,AT2,0.5248,0.0666,Goblet
jgnlhhol-1,AT2,0.5065,0.0377,Distal epithelium
jgnnnide-1,AT2,0.6309,0.1669,Distal epithelium
jgocljdl-1,AT2,0.6011,0.1519,AT1
jgoedcoo-1,AT2,0.7248,0.1879,Goblet
jgoedfol-1,AT2,0.5489,0.2015,Distal epithelium
jgojdaid-1,AT2,0.5812,0.1147,Distal epithelium
jgollcbg-1,AT2,0.5493,0.1077,Multiciliated
jgollojk-1,AT2,0.4796,0.1096,Multiciliated
jgpbbeho-1,AT2,0.3955,0.0162,T/NK cells
jgpbdpdk-1,AT2,0.4692,0.0834,AT1
jgpbecod-1,AT2,0.5499,0.0889,AT1
jgpckcjf-1,AT2,0.5086,0.1848,AT1
jgpdakja-1,AT1,0.3912,0.0123,AT2
jgpenpie-1,AT2,0.6732,0.1088,AT1
jgphfonm-1,AT2,0.5804,0.1218,T/NK cells
jgpkdfbp-1,AT2,0.4202,0.1471,AT1
jhaandpg-1,AT2,0.5004,0.0765,Multiciliated
jhaanlgk-1,AT2,0.5148,0.05,Goblet
jhabbaob-1,AT2,0.6403,0.065,AT1
jhacbjhe-1,AT2,0.6135,0.103,Distal epithelium
jhaccbpm-1,AT2,0.3868,0.027,Schwann cells
jhaecmoj-1,AT2,0.6152,0.1308,Distal epithelium
jhafjnob-1,AT2,0.5218,0.027,Distal epithelium
jhaiellk-1,AT2,0.5023,0.1227,Distal epithelium
jhaihijc-1,AT2,0.5363,0.1269,Multiciliated
jhaimngh-1,AT2,0.4952,0.1274,AT1
jhamjeep-1,AT2,0.4386,0.0708,Distal epithelium
jhapfnld-1,AT2,0.5111,0.1152,AT1
jhbampdh-1,AT2,0.592,0.074,Airway smooth muscle
jhbbibec-1,AT2,0.7087,0.0853,AT1
jhbdmoie-1,AT2,0.6103,0.0459,AT1
jhbeenol-1,AT2,0.536,0.1945,AT1
jhbkpaje-1,AT2,0.5211,0.1514,AT1
jhbnjhmp-1,AT1,0.5552,0.0154,AT2
jhboobcb-1,AT2,0.5762,0.1539,AT1
jhcffnne-1,AT2,0.7085,0.1371,AT1
jhcfgdod-1,AT2,0.6234,0.1381,Distal epithelium
jhcfhmbh-1,AT2,0.4699,0.0528,AT1
jhcfjfhm-1,AT2,0.551,0.1605,Distal epithelium
jhcgfomi-1,AT2,0.4552,0.0988,Distal epithelium
jhchlnfe-1,AT2,0.4505,0.0893,Distal epithelium
jhejbflg-1,AT2,0.3832,0.0737,AT1
jhejfnie-1,AT2,0.5191,0.1291,AT1
jhejkiei-1,AT2,0.4204,0.0746,AT1
jhfcdkff-1,AT2,0.5957,0.1534,AT1
jhfhkaki-1,AT2,0.5532,0.1956,Multiciliated
jhfieanf-1,AT2,0.537,0.1489,AT1
jhfijeph-1,AT2,0.5909,0.1683,AT1
jhfkhpoj-1,AT2,0.3227,0.0938,AT1
jhfngpea-1,AT2,0.5853,0.083,AT1
jhfolhmd-1,AT2,0.4122,0.1189,T/NK cells
jhgaclmk-1,AT2,0.4564,0.1248,Distal epithelium
jhgajmdc-1,AT2,0.4318,0.0049,Multiciliated
jhgaopji-1,AT2,0.4777,0.0071,Multiciliated
jhgejdmc-1,Basal,0.5781,0.0242,Distal epithelium
jhhahagh-1,AT2,0.3061,0.0509,B cells
jhhdkbfd-1,AT2,0.3644,0.0102,Distal epithelium
jhhgmcee-1,AT2,0.5481,0.0372,Multiciliated
jhhgnhda-1,Multiciliated,0.5092,0.0078,Goblet
jhhhbdna-1,Distal epithelium,0.5312,0.0124,AT2
jhicficd-1,AT2,0.4902,0.0353,Alveolar fibroblasts
jhifpdfa-1,Multiciliated,0.5419,0.049,AT2
jhihijhl-1,Multiciliated,0.3093,0.0003,Distal epithelium
jhihjiim-1,Distal epithelium,0.4762,0.0078,AT2
jhihjijg-1,AT2,0.4963,0.0776,Multiciliated
jhikdeal-1,AT2,0.5389,0.1056,AT1
jhikkomi-1,AT2,0.5548,0.1984,Distal epithelium
jhimbkda-1,AT2,0.5227,0.0941,Multiciliated
jhipdnmo-1,AT2,0.5661,0.0726,AT1
jhjphehb-1,AT2,0.349,0.0943,AT1
jhkajgjb-1,AT2,0.3474,0.0158,AT1
jhkdcajj-1,AT2,0.4695,0.024,AT1
jhkdjfgf-1,AT2,0.4734,0.1061,Distal epithelium
jhkfcgjb-1,AT2,0.4133,0.0842,Multiciliated
jhkgkhoc-1,Goblet,0.3056,0.0079,Alveolar fibroblasts
jhkhenpb-1,AT2,0.5819,0.0859,AT1
jhlglnip-1,Distal epithelium,0.3814,0.0097,AT2
jhlilhji-1,AT1,0.4868,0.0236,EC aerocyte capillary
jhliodcj-1,AT2,0.5816,0.0623,AT1
jhljbpbj-1,AT2,0.5734,0.0743,AT1
jhljpmjo-1,AT1,0.4686,0.0785,AT2
jhllobco-1,AT2,0.542,0.035,AT1
jhlmphmm-1,AT2,0.4028,0.0455,AT1
jhlpihfk-1,AT2,0.5508,0.0864,Alveolar fibroblasts
jhmabkpf-1,AT2,0.5736,0.0292,AT1
jhmaiemc-1,Goblet,0.5179,0.0485,AT2
jhmbdfim-1,AT2,0.4041,0.0266,AT1
jhmbojcm-1,AT2,0.4145,0.0656,AT1
jhmcgbne-1,AT2,0.5472,0.1285,Distal epithelium
jhmdonhn-1,AT2,0.3829,0.0216,AT1
jhmfeedg-1,AT2,0.3765,0.048,AT1
jhmfpded-1,AT2,0.4886,0.0505,Distal epithelium
jhmibglg-1,AT2,0.6432,0.037,AT1
jhmkigif-1,AT2,0.437,0.0247,AT1
jhmongip-1,AT2,0.5115,0.0606,AT1
jhmoopmk-1,AT2,0.476,0.0367,AT1
jhnablja-1,AT2,0.5822,0.0614,AT1
jhnadooj-1,AT2,0.4372,0.0542,EC venous
jhnbelcf-1,AT2,0.3204,0.0594,T/NK cells
jhnbmmgf-1,T/NK cells,0.3529,0.0122,Distal epithelium
jhnbnlbp-1,AT2,0.52,0.0076,AT1
jhndkmmk-1,AT2,0.3592,0.0035,Distal epithelium
jhnejifj-1,AT2,0.6458,0.1616,AT1
jhnfpmmb-1,AT2,0.444,0.0911,Distal epithelium
jhnhjpdd-1,T/NK cells,0.3986,0.0118,B cells
jhnikopn-1,AT2,0.4916,0.082,AT1
jhnjceff-1,AT2,0.5196,0.1063,AT1
jhnjfphg-1,AT2,0.4967,0.1309,AT1
jhnjpkge-1,AT2,0.6704,0.0975,AT1
jhnkgjdj-1,AT1,0.4358,0.0667,AT2
jhnkigmg-1,AT2,0.5447,0.0238,Alveolar fibroblasts
jhnmddbb-1,Distal epithelium,0.4961,0.0182,Airway smooth muscle
jhnoapnd-1,AT2,0.5023,0.0742,Multiciliated
jhnonpcn-1,AT2,0.4841,0.0813,AT1
jhobdanb-1,AT1,0.5485,0.0246,AT2
jhpepggj-1,AT2,0.2253,0.0531,Lymphatic EC
jhpgmlhn-1,AT2,0.4313,0.0326,AT1
jhpgnhlk-1,AT2,0.5004,0.0743,AT1
jhpgnkid-1,AT2,0.473,0.0071,AT1
jhphfblg-1,Distal epithelium,0.5211,0.052,AT1
jhpjpnjn-1,Interstitial macrophages,0.2893,0.0174,Alveolar fibroblasts
jhpkbnio-1,AT2,0.4458,0.089,Distal epithelium
jhplbdjf-1,AT2,0.6529,0.1919,Distal epithelium
jhplchcp-1,AT2,0.369,0.0468,AT1
jhplfblc-1,AT2,0.3995,0.0809,Alveolar fibroblasts
jhplfipa-1,AT2,0.529,0.102,AT1
jhpljama-1,AT2,0.4884,0.0668,Alveolar macrophages
jhplpnka-1,AT2,0.5585,0.0937,AT1
jhpnfnfe-1,AT2,0.4952,0.0284,AT1
jiagccdp-1,AT2,0.2952,0.0002,Alveolar fibroblasts
jiagcoak-1,AT2,0.3724,0.0463,AT1
jiapmdao-1,AT2,0.6358,0.1464,AT1
jibemhac-1,AT2,0.4444,0.0355,Multiciliated
jibgdjoa-1,AT2,0.4047,0.0992,Distal epithelium
jiblnglo-1,Secretory,0.2244,0.0112,AT2
jiblppkg-1,AT2,0.4745,0.0201,AT1
jibmchff-1,Distal epithelium,0.5088,0.0365,T/NK cells
jibpclid-1,AT2,0.6027,0.1009,AT1
jicbafol-1,AT2,0.7079,0.122,AT1
jicchljl-1,AT2,0.522,0.1248,AT1
jiccmano-1,AT2,0.3171,0.0466,Secretory
jiceafel-1,AT2,0.5945,0.1008,T/NK cells
jiceikch-1,AT2,0.3908,0.1646,Multiciliated
jicgcefg-1,AT2,0.3596,0.1235,Distal epithelium
jicgcnpk-1,AT2,0.4957,0.0065,Distal epithelium
jichhoke-1,Alveolar fibroblasts,0.4815,0.0207,Airway smooth muscle
jichkahg-1,AT2,0.6817,0.2027,Distal epithelium
jicijalb-1,AT2,0.5553,0.0947,Distal epithelium
jicijhnl-1,AT2,0.4968,0.1457,AT1
jickgnje-1,AT2,0.5907,0.0702,AT1
jickncdh-1,AT2,0.5358,0.097,AT1
jiclnaka-1,AT2,0.5186,0.0324,Distal epithelium
jicpkejn-1,AT2,0.6059,0.0444,AT1
jicpnocf-1,AT2,0.5599,0.0736,AT1
jidcgpjh-1,Distal epithelium,0.5048,0.0028,AT2
jidechdi-1,AT1,0.4956,0.0718,AT2
jidecnoc-1,AT2,0.3616,0.0166,Airway smooth muscle
jidfibml-1,AT2,0.566,0.0457,AT1
jiepoiie-1,AT2,0.5864,0.1195,AT1
jifcaigj-1,AT2,0.5252,0.0512,AT1
jifcflkn-1,AT2,0.3701,0.0115,Distal epithelium
jifcimjf-1,AT2,0.4169,0.006,Multiciliated
jifcknco-1,T/NK cells,0.407,0.001,Airway smooth muscle
jifdjpmi-1,AT2,0.4147,0.0181,Multiciliated
jifdlhdf-1,AT2,0.5933,0.1292,AT1
jiffblgp-1,AT2,0.4199,0.0567,AT1
jifgjche-1,AT2,0.363,0.1843,AT1
jifgladk-1,AT2,0.5576,0.1161,Distal epithelium
jifgpcej-1,AT2,0.5392,0.0476,Multiciliated
jifjoobf-1,AT2,0.5109,0.0625,Distal epithelium
jifjppmm-1,AT1,0.3222,0.0151,AT2
jifkhalg-1,AT2,0.4917,0.1175,Multiciliated
jifnabog-1,AT2,0.5339,0.1223,Multiciliated
jifnheea-1,AT2,0.366,0.0568,Goblet
jifpmmji-1,AT2,0.5248,0.0121,Alveolar fibroblasts
jigaaopl-1,T/NK cells,0.261,0.0073,B cells
jigbadec-1,AT2,0.612,0.184,Distal epithelium
jigbmdgd-1,AT2,0.545,0.0992,AT1
jighppma-1,AT2,0.6246,0.2672,AT1
jigjjolm-1,AT2,0.5949,0.023,AT1
jigjkbdd-1,AT2,0.6998,0.2038,Distal epithelium
jigodjpp-1,AT1,0.3639,0.0056,AT2
jihabknm-1,AT2,0.606,0.1621,AT1
jihhajoo-1,Distal epithelium,0.3684,0.0312,Basal
jihjanli-1,AT2,0.6028,0.0848,Multiciliated
jihjicdp-1,AT2,0.4387,0.0571,Distal epithelium
jiidhkof-1,Alveolar fibroblasts,0.4236,0.0083,Airway smooth muscle
jiidmjdm-1,AT2,0.5801,0.1261,AT1
jiiffglj-1,AT2,0.4467,0.0995,Distal epithelium
jiifgghj-1,AT2,0.4841,0.0564,AT1
jiifgkao-1,Goblet,0.3442,0.0029,AT2
jiiichbg-1,AT2,0.5578,0.1396,Distal epithelium
jiiobfae-1,AT2,0.452,0.0188,T/NK cells
jijagolf-1,AT2,0.5275,0.0867,T/NK cells
jijahohl-1,AT1,0.3694,0.0072,AT2
jijakdka-1,AT2,0.4653,0.013,Multiciliated
jijalcek-1,AT1,0.3104,0.012,AT2
jijaoepf-1,AT2,0.6367,0.0403,AT1
jijbgdib-1,AT2,0.6107,0.171,AT1
jijbhepj-1,AT2,0.5626,0.1489,AT1
jijclkhf-1,AT2,0.6533,0.0992,AT1
jijdaoli-1,AT2,0.7293,0.1769,AT1
jijealbm-1,AT2,0.5582,0.116,AT1
jijeedoa-1,AT2,0.6001,0.1969,Distal epithelium
jijkdaek-1,AT1,0.4792,0.0164,AT2
jikagfkl-1,AT2,0.586,0.0055,AT1
jikceceg-1,Alveolar fibroblasts,0.4208,0.0462,Airway smooth muscle
jikhmgbo-1,AT2,0.4877,0.0731,AT1
jikhmjaf-1,AT2,0.4369,0.0193,AT1
jikhofcb-1,AT2,0.5393,0.0739,Distal epithelium
jilcgefb-1,AT2,0.5356,0.1019,AT1
jimemfik-1,AT2,0.5167,0.192,AT1
jimfbaod-1,AT2,0.5901,0.1959,Distal epithelium
jimfdgkk-1,AT1,0.4294,0.0352,Distal epithelium
jimolfde-1,AT2,0.3583,0.0802,Multiciliated
jimpapok-1,AT2,0.53,0.1408,Distal epithelium
jinadjno-1,AT2,0.5263,0.1662,AT1
jinaidkk-1,Alveolar fibroblasts,0.4943,0.0069,Airway smooth muscle
jinbacbn-1,AT2,0.5056,0.1159,Distal epithelium
jinbbdje-1,AT2,0.5047,0.0712,Distal epithelium
jincddcj-1,AT2,0.3688,0.0747,AT1
jindpdia-1,AT2,0.645,0.1704,AT1
jinfafem-1,AT2,0.6119,0.1344,Multiciliated
jinfbkga-1,AT2,0.5961,0.1611,AT1
jinklopb-1,AT1,0.5391,0.0245,AT2
jinknndc-1,AT2,0.5156,0.1149,AT1
jinpfolo-1,AT2,0.4419,0.104,Alveolar fibroblasts
jioakhbk-1,AT2,0.5733,0.0735,Distal epithelium
jioamlhg-1,EC venous,0.2635,0.0011,EC aerocyte capillary
jiobclbd-1,AT2,0.5855,0.0435,AT1
jioebbdf-1,Distal epithelium,0.5298,0.0221,T/NK cells
jioefohg-1,AT2,0.3834,0.1727,Multiciliated
jioglhdl-1,AT2,0.6441,0.1388,AT1
jioiaalh-1,AT2,0.5545,0.0681,Distal epithelium
jiommdpm-1,AT2,0.6082,0.1196,Distal epithelium
jiopbekc-1,AT2,0.2345,0.097,Distal epithelium
jipbacie-1,AT2,0.551,0.2189,AT1
jipdlppm-1,AT2,0.54,0.0782,AT1
jipefiac-1,AT2,0.6932,0.2521,Distal epithelium
jipkiadg-1,AT2,0.3778,0.0405,Distal epithelium
jiplnnja-1,AT2,0.238,0.0876,AT1
jipmhajj-1,AT2,0.4612,0.1135,AT1
jipndalp-1,AT2,0.4675,0.0457,Distal epithelium
jipobbdp-1,AT2,0.4967,0.096,T/NK cells
jjabmfin-1,AT2,0.5029,0.0963,AT1
jjacdcom-1,AT2,0.3726,0.0011,Goblet
jjacmaeh-1,AT2,0.5019,0.0649,Distal epithelium
jjadgjno-1,AT2,0.5407,0.1953,AT1
jjadlghf-1,Distal epithelium,0.4025,0.0606,Multiciliated
jjagalak-1,AT2,0.5671,0.0401,AT1
jjalmpef-1,AT2,0.2321,0.0328,EC venous
jjalodin-1,AT2,0.6354,0.1189,T/NK cells
jjamdckb-1,AT2,0.4999,0.1376,T/NK cells
jjanmdbh-1,AT2,0.5465,0.0894,AT1
jjanpcfn-1,Airway smooth muscle,0.2173,0.0045,Adventitial fibroblasts
jjapnhjk-1,Distal epithelium,0.3464,0.0019,Airway smooth muscle
jjbajoca-1,AT1,0.2105,0.0182,AT2
jjbcmpcn-1,AT2,0.5254,0.0313,Distal epithelium
jjbdanim-1,AT2,0.4972,0.0104,AT1
jjbdeaib-1,AT2,0.4925,0.1159,AT1
jjbgkaed-1,EC aerocyte capillary,0.2712,0.0142,AT2
jjbgkmap-1,Alveolar fibroblasts,0.3021,0.0128,Multiciliated
jjbgmphg-1,AT2,0.538,0.0638,AT1
jjbjbogc-1,AT2,0.4206,0.1086,AT1
jjbjpcij-1,AT2,0.6504,0.1076,Distal epithelium
jjbkabhf-1,AT2,0.2656,0.0347,AT1
jjbnpomj-1,AT2,0.6075,0.0971,Distal epithelium
jjbokffn-1,AT2,0.2814,0.0042,AT1
jjbpheon-1,AT2,0.566,0.0925,AT1
jjcaibpl-1,T/NK cells,0.4908,0.0203,AT2
jjcapnde-1,T/NK cells,0.5147,0.0445,AT2
jjcchadl-1,AT2,0.4132,0.0547,AT1
jjcdgajf-1,AT2,0.6206,0.1909,AT1
jjcibmdo-1,AT2,0.663,0.1847,Distal epithelium
jjckjeol-1,AT2,0.5202,0.101,AT1
jjckomhc-1,AT2,0.6295,0.1544,Distal epithelium
jjclifki-1,AT2,0.5135,0.1,Goblet
jjcljhfk-1,AT2,0.5309,0.1061,Goblet
jjcpekgm-1,AT2,0.4552,0.0065,Distal epithelium
jjcpnnek-1,Alveolar fibroblasts,0.5447,0.0204,Airway smooth muscle
jjddcbih-1,AT2,0.6064,0.0868,AT1
jjdfhela-1,AT2,0.6422,0.1627,Goblet
jjdfjpka-1,AT2,0.6525,0.1347,Distal epithelium
jjdhfhhf-1,AT2,0.2782,0.0721,AT1
jjdhgdlg-1,AT2,0.4188,0.0023,Distal epithelium
jjdinmha-1,AT2,0.2967,0.0673,Lymphatic EC
jjdjbomo-1,T/NK cells,0.3425,0.0061,Alveolar fibroblasts
jjdjhdpc-1,AT2,0.5518,0.1508,AT1
jjdjijck-1,Distal epithelium,0.5516,0.0005,AT2
jjdlfifl-1,AT2,0.4939,0.0815,AT1
jjdlheil-1,AT2,0.5906,0.1422,AT1
jjdljelp-1,AT2,0.4003,0.0877,Distal epithelium
jjdppnia-1,AT2,0.6199,0.1268,AT1
jjecmhan-1,AT2,0.4051,0.0953,AT1
jjegalnn-1,AT2,0.4648,0.1197,AT1
jjehkohc-1,AT2,0.6,0.1847,Distal epithelium
jjekaedg-1,Airway smooth muscle,0.5214,0.0069,Alveolar fibroblasts
jjemlaal-1,AT2,0.4354,0.0468,T/NK cells
jjemlmfa-1,AT2,0.4343,0.1792,AT1
jjenbpdp-1,AT2,0.2859,0.1274,AT1
jjenipoo-1,T/NK cells,0.4399,0.0131,B cells
jjfedgon-1,AT2,0.6228,0.1324,AT1
jjfekpgg-1,Basal,0.3924,0.009,AT2
jjfgbgmn-1,AT1,0.4664,0.0419,Distal epithelium
jjficbkj-1,AT2,0.4331,0.0448,Distal epithelium
jjfjkjll-1,Distal epithelium,0.1625,0.0368,Airway smooth muscle
jjfkokog-1,AT2,0.4334,0.1093,Multiciliated
jjfldfoo-1,AT2,0.4862,0.1392,AT1
jjflnggc-1,AT2,0.5215,0.1518,AT1
jjfmmnpf-1,AT2,0.456,0.1424,Distal epithelium
jjfojfmf-1,AT2,0.6264,0.1284,AT1
jjfpekll-1,AT2,0.3983,0.083,AT1
jjfpfohp-1,AT2,0.4627,0.0062,Distal epithelium
jjgaccjb-1,AT2,0.5073,0.0926,T/NK cells
jjgcmmmh-1,AT2,0.5369,0.0676,Distal epithelium
jjggkijf-1,AT2,0.5476,0.05,AT1
jjgjbfge-1,AT2,0.6683,0.1669,T/NK cells
jjgkpfce-1,AT2,0.6324,0.1624,Distal epithelium
jjglfjdh-1,AT2,0.5475,0.0415,Alveolar fibroblasts
jjglgicm-1,AT2,0.5198,0.1181,Secretory
jjgllgbf-1,AT2,0.2832,0.0517,Secretory
jjgoonlf-1,AT1,0.2265,0.0189,AT2
jjgplgel-1,AT2,0.5271,0.0494,AT1
jjhacaam-1,AT2,0.4938,0.126,Distal epithelium
jjhafjak-1,AT2,0.4319,0.0682,Multiciliated
jjhagfld-1,AT2,0.3754,0.0628,AT1
jjhagmga-1,Alveolar fibroblasts,0.4523,0.0054,AT2
jjheeplb-1,AT2,0.3118,0.1756,AT1
jmapclgm-1,AT2,0.6342,0.129,Goblet
jmbbjdna-1,AT2,0.6689,0.1889,Distal epithelium
jmcakcem-1,AT2,0.4809,0.101,Distal epithelium
jmcakebh-1,AT2,0.3845,0.112,Secretory
jmcckbhl-1,AT2,0.4708,0.1716,Multiciliated
jmcdbcbe-1,AT2,0.5087,0.041,AT1
jmcefcgh-1,AT2,0.5686,0.0828,T/NK cells
jmchhgno-1,AT2,0.5469,0.1088,AT1
jmchicbo-1,AT2,0.5318,0.1562,Distal epithelium
jmchjehm-1,AT2,0.6089,0.165,AT1
jmcianhc-1,AT2,0.5003,0.039,AT1
jmcidkop-1,Multiciliated,0.1777,0.0009,AT2
jmcioaek-1,Distal epithelium,0.4035,0.011,AT2
jmcjncfp-1,AT2,0.6617,0.2068,T/NK cells
jmclofhe-1,AT2,0.6069,0.1479,AT1
jmcmnhpe-1,AT2,0.6003,0.2177,Distal epithelium
jmcmphdc-1,AT2,0.5953,0.1934,Multiciliated
jmcnifgb-1,AT2,0.4281,0.0329,Distal epithelium
jmcogodp-1,AT2,0.5225,0.0752,Goblet
jmcogoep-1,AT2,0.4719,0.1174,Distal epithelium
jmconpfm-1,AT2,0.5124,0.0882,Distal epithelium
jmcopcgh-1,EC venous,0.3971,0.0027,AT2
jmdbamlm-1,AT2,0.2484,0.0966,AT1
jmdggoom-1,AT2,0.3789,0.0423,Distal epithelium
jmdhfnpb-1,AT2,0.5628,0.1229,Multiciliated
jmdhmjgf-1,AT2,0.6523,0.2318,Distal epithelium
jmdkhhil-1,AT2,0.6475,0.1696,Distal epithelium
jmdkmcha-1,AT2,0.5411,0.1116,AT1
jmdocdea-1,AT2,0.5498,0.1197,T/NK cells
jmeaeaag-1,AT2,0.5794,0.1168,Distal epithelium
jmebnjgk-1,AT2,0.7218,0.1236,AT1
jmegegog-1,AT2,0.545,0.0505,Airway smooth muscle
jmehacbc-1,AT2,0.5777,0.1566,Airway smooth muscle
jmehdpmo-1,AT2,0.6068,0.2533,Distal epithelium
jmehhemg-1,AT2,0.6062,0.1275,Distal epithelium
jmejpkjl-1,AT2,0.3023,0.0012,AT1
jmekhmnf-1,AT2,0.5409,0.0971,Distal epithelium
jmekjdje-1,AT2,0.5982,0.1306,AT1
jmeldabf-1,AT2,0.6311,0.168,Distal epithelium
jmeleeph-1,AT2,0.4933,0.0595,Distal epithelium
jmembnme-1,AT2,0.5559,0.0348,Distal epithelium
jmencmal-1,AT2,0.6851,0.107,Distal epithelium
jmenlhmn-1,AT2,0.5187,0.0752,Distal epithelium
jmeoeeck-1,AT2,0.6348,0.0883,AT1
jmeonhhh-1,AT2,0.6822,0.1989,AT1
jmfajeld-1,AT2,0.3105,0.0798,Multiciliated
jmfbfjbl-1,AT2,0.6982,0.1886,Distal epithelium
jmfcekne-1,AT2,0.5654,0.0755,AT1
jmfllhom-1,AT2,0.4204,0.0259,T/NK cells
jmflnkml-1,AT2,0.6013,0.1507,T/NK cells
jmfmlppm-1,AT2,0.4905,0.1242,Distal epithelium
jmfngkko-1,AT2,0.632,0.1906,AT1
jmfolimg-1,AT2,0.3758,0.127,Secretory
jmgacdal-1,AT2,0.6302,0.1294,AT1
jmgajijh-1,Multiciliated,0.1838,0.0029,Basal
jmgceean-1,AT2,0.4816,0.0638,AT1
jmgcjhnf-1,AT2,0.5918,0.1376,Distal epithelium
jmioabie-1,AT2,0.6382,0.1429,T/NK cells
jmjcijfb-1,T/NK cells,0.407,0.0146,B cells
jmjecamj-1,AT2,0.5972,0.0444,AT1
jmlfdajg-1,AT2,0.7254,0.1871,Distal epithelium
jmlfdicm-1,AT2,0.6922,0.1666,Goblet
jmnlmcnl-1,AT2,0.2912,0.1124,AT1
jmoehnlp-1,AT2,0.3981,0.0242,AT1
jnbimkel-1,AT2,0.3151,0.065,Distal epithelium
jnbjpfbo-1,AT2,0.5252,0.1218,AT1
jnbmkigi-1,AT2,0.352,0.108,Schwann cells
jnbpgfkp-1,AT2,0.3978,0.1218,AT1
jnbpjppi-1,AT2,0.5134,0.0124,Goblet
jncecmge-1,AT2,0.5616,0.1417,T/NK cells
jncigpho-1,AT2,0.4277,0.1426,AT1
jncikiic-1,AT2,0.3319,0.1562,Multiciliated
jncknacf-1,AT2,0.4986,0.0579,AT1
jndmbeib-1,Distal epithelium,0.4266,0.0175,AT2
jndmlhnn-1,AT2,0.4816,0.0547,AT1
jndncicj-1,AT2,0.4777,0.1546,AT1
jndnehfd-1,AT2,0.4432,0.0688,T/NK cells
jndoabec-1,AT2,0.4367,0.116,AT1
jneaicij-1,AT2,0.426,0.0489,Multiciliated
jneckhjp-1,AT2,0.2993,0.0597,Distal epithelium
jnknbaae-1,Airway smooth muscle,0.4652,0.0103,T/NK cells
jnknfcna-1,AT2,0.3275,0.0834,AT1
jnlbgdjb-1,AT2,0.4756,0.1581,AT1
jnlbhcfi-1,AT2,0.5039,0.0904,AT1
jnlccopi-1,AT2,0.5748,0.0923,Goblet
jnlcgehp-1,Alveolar fibroblasts,0.6073,0.0113,Airway smooth muscle
jnldganp-1,AT2,0.6,0.1814,AT1
jnldmbai-1,AT2,0.5616,0.0134,AT1
jnlenhlb-1,AT2,0.5657,0.064,Distal epithelium
jnlfadin-1,AT2,0.4668,0.1324,AT1
jnlgabib-1,AT2,0.3216,0.1253,AT1
jnlkdfak-1,AT2,0.6431,0.1696,Distal epithelium
jnlmiioo-1,AT2,0.6506,0.1918,AT1
jnlookhi-1,AT2,0.6001,0.1604,Distal epithelium
jnlpjmmp-1,AT2,0.6443,0.1525,Airway smooth muscle
jnlpkphj-1,AT2,0.603,0.251,AT1
jnmaikco-1,AT2,0.5521,0.1364,AT1
jnmalhcd-1,AT2,0.4277,0.2105,Multiciliated
jnmamoeg-1,AT2,0.5688,0.0334,Multiciliated
jnmfohlc-1,AT2,0.5801,0.1239,AT1
jnmgdclm-1,AT2,0.5789,0.1992,Multiciliated
jnmmiimf-1,AT2,0.5737,0.0656,AT1
jnmoljjn-1,AT2,0.5916,0.1159,AT1
jnmpfccf-1,AT2,0.6581,0.221,AT1
jnmpgfnh-1,AT2,0.4641,0.0877,Distal epithelium
jnmphjbb-1,AT2,0.5857,0.0992,AT1
jnnabgji-1,AT2,0.4684,0.0986,Distal epithelium
jnnabhmi-1,Distal epithelium,0.4465,0.062,AT2
jnnabjkj-1,AT2,0.3625,0.0183,Distal epithelium
jnnadeii-1,AT2,0.5485,0.1378,Distal epithelium
jnnamnpp-1,AT2,0.4885,0.1475,AT1
jnngeoop-1,AT2,0.4936,0.1431,Distal epithelium
jnngjmao-1,AT2,0.3191,0.0282,Basal
jnnglgbb-1,AT2,0.545,0.1394,Multiciliated
jnnjfffo-1,AT2,0.5177,0.0917,AT1
jnnjpfpo-1,AT2,0.5969,0.1104,Distal epithelium
jnnolikf-1,AT2,0.621,0.1611,Distal epithelium
jnnomboc-1,AT2,0.4717,0.1332,AT1
jnnppdoj-1,AT2,0.6478,0.2057,AT1
jnobcndo-1,AT2,0.3631,0.0123,Distal epithelium
jnobcnfe-1,AT2,0.5086,0.176,Distal epithelium
jnodbbjj-1,AT2,0.5579,0.1718,Multiciliated
jnofcdmd-1,AT2,0.5812,0.1719,Multiciliated
jnoibkbd-1,AT2,0.6094,0.1838,AT1
jnokdncp-1,AT2,0.5021,0.1835,Distal epithelium
jnophhaj-1,AT2,0.4587,0.0447,T/NK cells
jnophkop-1,AT2,0.4124,0.0872,AT1
jnopidpj-1,AT1,0.4223,0.014,AT2
jnpdgpfm-1,AT2,0.4868,0.12,Goblet
jnpdldda-1,AT2,0.263,0.0946,AT1
jnpfakpp-1,AT2,0.4474,0.1012,Distal epithelium
jnpgdjef-1,AT2,0.6072,0.161,AT1
jnpgkhpd-1,Goblet,0.35,0.0275,B cells
jnphepab-1,AT2,0.5769,0.2065,T/NK cells
jnpilmgd-1,AT2,0.3791,0.1083,Distal epithelium
jnpjobkd-1,AT2,0.4763,0.0145,Distal epithelium
jnpkdalp-1,AT2,0.4022,0.0675,AT1
jnpllbnd-1,AT2,0.5693,0.0899,AT1
jnpllfoi-1,AT2,0.6166,0.1935,Distal epithelium
jnplmdhd-1,AT2,0.5118,0.1054,Distal epithelium
joaaedfk-1,AT2,0.5326,0.1624,AT1
joaaoege-1,AT2,0.5932,0.2104,Distal epithelium
joabbhjo-1,AT2,0.6441,0.229,Goblet
joabnajf-1,AT2,0.3975,0.0303,Airway smooth muscle
joadepaj-1,AT2,0.3796,0.0284,Alveolar fibroblasts
joaflpmn-1,AT2,0.5822,0.0733,Distal epithelium
joagbbai-1,AT2,0.6579,0.0183,AT1
joagbdka-1,AT2,0.481,0.0252,Distal epithelium
joagikhc-1,AT2,0.5668,0.1249,Distal epithelium
joagjfkb-1,AT1,0.4243,0.0491,AT2
joailhhf-1,AT2,0.6204,0.1633,AT1
joajejhc-1,AT2,0.4451,0.0806,AT1
joajmlmc-1,AT2,0.4817,0.0279,Alveolar fibroblasts
joalgdic-1,Alveolar fibroblasts,0.2877,0.0092,Airway smooth muscle
joaobahd-1,AT2,0.4265,0.043,Goblet
jobandbk-1,Goblet,0.4079,0.0267,Multiciliated
jobaonaf-1,AT2,0.4197,0.0247,AT1
jobbdola-1,AT2,0.4938,0.0259,Goblet
jobcfjbn-1,AT2,0.3817,0.0723,Distal epithelium
jobcoghg-1,AT2,0.5699,0.1657,Distal epithelium
jobcpmkl-1,T/NK cells,0.4172,0.008,EC aerocyte capillary
jobgicdo-1,AT2,0.4283,0.0116,Distal epithelium
jobgjdpn-1,AT2,0.5622,0.0803,AT1
jobgocfb-1,AT2,0.4454,0.1093,Distal epithelium
jobhejah-1,AT2,0.4807,0.127,Distal epithelium
jobjgbef-1,Airway smooth muscle,0.532,0.0393,AT2
jobjhaim-1,Vascular smooth muscle,0.2703,0.0087,Adventitial fibroblasts
jobkaakn-1,AT2,0.4934,0.1092,Distal epithelium
joblhokk-1,AT2,0.4053,0.085,AT1
jobmjfal-1,AT2,0.383,0.0983,Goblet
jobmoanc-1,AT2,0.6519,0.0924,AT1
jobongmi-1,AT2,0.5426,0.1323,Goblet
jobpgkpa-1,AT2,0.512,0.184,AT1
jocagmje-1,AT2,0.5104,0.1978,Distal epithelium
jocbefmp-1,Distal epithelium,0.483,0.0073,AT2
joccgcjo-1,AT2,0.2219,0.019,Interstitial macrophages
jocdcdni-1,AT2,0.4852,0.2067,Multiciliated
jocgcdec-1,AT2,0.401,0.015,T/NK cells
jociikje-1,Goblet,0.4816,0.0314,Multiciliated
jocijpfd-1,AT2,0.3452,0.0323,AT1
jocikoem-1,AT2,0.3832,0.1224,AT1
jocjaaam-1,AT2,0.5981,0.1961,AT1
jockgaii-1,AT2,0.6259,0.0646,AT1
jockicaa-1,AT2,0.5122,0.0786,AT1
joclmihi-1,AT2,0.4985,0.1156,AT1
joclobgm-1,AT2,0.603,0.0929,AT1
jocmgcmb-1,AT1,0.2862,0.0255,AT2
jocncpje-1,AT2,0.6051,0.2598,AT1
joddmomo-1,T/NK cells,0.4463,0.0367,Interstitial macrophages
jodffpbc-1,AT2,0.6032,0.1524,T/NK cells
jodfhfhj-1,Alveolar fibroblasts,0.4491,0.0036,Distal epithelium
jodfkang-1,AT2,0.4813,0.0736,T/NK cells
jodhkiln-1,AT2,0.5372,0.0525,AT1
jodhoeen-1,AT2,0.6473,0.0912,Distal epithelium
jodjokbb-1,AT2,0.5462,0.0741,AT1
joeabbap-1,AT2,0.505,0.1309,Distal epithelium
joedleai-1,AT2,0.6689,0.0724,AT1
jomheplo-1,AT2,0.3001,0.0832,AT1
jplipipa-1,AT2,0.3104,0.1478,AT1
jpmcogbi-1,AT2,0.5932,0.0564,Goblet
jpodiiea-1,T/NK cells,0.4152,0.0475,Alveolar fibroblasts
jppphneo-1,AT2,0.5572,0.1348,Multiciliated
kaaaagip-1,AT2,0.6677,0.1286,Distal epithelium
kaabmfnk-1,AT2,0.5689,0.2025,AT1
kaadhjpe-1,AT2,0.5344,0.1028,Distal epithelium
kaadppjd-1,AT2,0.3328,0.0471,AT1
kaafngnb-1,AT2,0.6765,0.1246,AT1
kaagmejb-1,AT2,0.6079,0.0921,Distal epithelium
kaagpljl-1,AT2,0.5729,0.1876,Multiciliated
kaahjngf-1,AT2,0.6517,0.1646,Multiciliated
kaaikohg-1,AT2,0.5826,0.0835,AT1
kaajinln-1,AT2,0.4934,0.0883,Goblet
kaajmgep-1,AT2,0.3333,0.0087,Goblet
kaajopkg-1,AT2,0.6324,0.1422,Distal epithelium
kaakhkib-1,AT2,0.5419,0.1747,Multiciliated
kaaopjpb-1,AT2,0.6155,0.1228,AT1
kaapbpnj-1,AT2,0.4764,0.0087,Distal epithelium
kabcnikp-1,AT2,0.574,0.1055,AT1
kabdliab-1,AT2,0.5364,0.1746,AT1
kabdmdgc-1,AT2,0.4594,0.0664,Goblet
kabibjbj-1,AT2,0.4375,0.0578,Alveolar fibroblasts
kabimgnj-1,AT2,0.6523,0.1747,AT1
kabnlogc-1,AT2,0.4332,0.0673,Distal epithelium
kaboopmd-1,AT2,0.5357,0.1379,Distal epithelium
kacamocm-1,Alveolar fibroblasts,0.5547,0.0281,Airway smooth muscle
kacbnija-1,AT2,0.4756,0.0859,Goblet
kaccifhe-1,AT2,0.4961,0.136,T/NK cells
kacemclf-1,AT2,0.4087,0.1292,AT1
kacfaeef-1,AT2,0.364,0.0451,AT1
kacfckah-1,AT2,0.5471,0.0496,Multiciliated
kachbogh-1,AT2,0.5821,0.082,Distal epithelium
kachieka-1,AT2,0.5727,0.0069,Multiciliated
kacihihb-1,AT2,0.3398,0.105,Distal epithelium
kacioeej-1,AT2,0.5798,0.0527,Multiciliated
kackdedl-1,AT2,0.69,0.1199,AT1
kackgced-1,AT2,0.6322,0.1184,Goblet
kackjphg-1,AT2,0.491,0.0405,T/NK cells
kaclojmk-1,AT2,0.4502,0.1326,AT1
kacmfclp-1,AT2,0.6075,0.0385,AT1
kacplmom-1,AT2,0.4962,0.0202,Multiciliated
kadbdjlf-1,AT1,0.4107,0.006,AT2
kadbogmg-1,Plasma cells,0.4046,0.0004,T/NK cells
kadefclj-1,AT2,0.6947,0.0398,Distal epithelium
kadejiba-1,Airway smooth muscle,0.3406,0.0123,Schwann cells
kadighag-1,AT2,0.5793,0.0925,Distal epithelium
kadjfbom-1,AT2,0.6055,0.0391,AT1
kadjkehl-1,AT2,0.706,0.1243,AT1
kadkegdb-1,AT2,0.5884,0.2466,AT1
kadonpmj-1,AT2,0.6462,0.0368,Distal epithelium
kadooebp-1,AT2,0.5977,0.0702,Distal epithelium
kadpkjcn-1,Alveolar fibroblasts,0.5723,0.0593,Airway smooth muscle
kaeaaimj-1,AT2,0.7151,0.0988,AT1
kaebgcdf-1,AT2,0.5765,0.1181,Distal epithelium
kaebldab-1,AT2,0.4451,0.0863,AT1
kaeglchn-1,EC venous,0.4787,0.0255,Airway smooth muscle
kaegnknb-1,AT2,0.5399,0.0712,AT1
kaehckgb-1,AT2,0.6227,0.0708,AT1
kaehgkkd-1,AT2,0.6071,0.1384,AT1
kaeibjeo-1,AT2,0.5414,0.0959,AT1
kaejjfpn-1,AT2,0.5945,0.1,EC venous
kaejkjbl-1,AT2,0.3966,0.0185,AT1
kaelbcln-1,AT2,0.4545,0.1094,AT1
kaelbphl-1,AT2,0.5823,0.0936,Distal epithelium
kaellplh-1,Airway smooth muscle,0.5713,0.0452,Distal epithelium
kaenedci-1,Alveolar fibroblasts,0.4766,0.0269,Airway smooth muscle
kafbloia-1,Alveolar fibroblasts,0.4721,0.0267,Airway smooth muscle
kafdondm-1,AT2,0.5364,0.0686,Multiciliated
kafeepcf-1,AT2,0.3965,0.1028,Multiciliated
kafhaagl-1,AT2,0.4472,0.1556,AT1
kafimbnh-1,AT2,0.5846,0.1696,AT1
kafimmai-1,AT2,0.3737,0.0057,AT1
kafjfhnm-1,AT2,0.4876,0.0912,Interstitial macrophages
kagadlag-1,AT2,0.4719,0.0936,AT1
kagjdhfi-1,AT2,0.4683,0.0313,AT1
kagmdoeg-1,AT2,0.5599,0.1742,Goblet
kagnndpb-1,AT2,0.4653,0.1266,Distal epithelium
kagnnmhd-1,AT2,0.5794,0.1124,AT1
kagnpion-1,AT2,0.7334,0.1933,AT1
kagofdpl-1,AT2,0.6961,0.1503,Distal epithelium
kahagkio-1,AT2,0.5268,0.2205,Distal epithelium
kahbflai-1,AT2,0.5708,0.1767,AT1
kahcnimp-1,AT2,0.5569,0.0284,AT1
kahfidna-1,AT2,0.4518,0.1479,AT1
kahfjfpi-1,AT1,0.3346,0.0153,AT2
kahhnhfo-1,AT2,0.5441,0.1304,Distal epithelium
kahjhhgo-1,AT2,0.7054,0.1919,AT1
kahkmjcm-1,AT2,0.589,0.1942,Alveolar fibroblasts
kahmpfhn-1,Multiciliated,0.383,0.0424,Distal epithelium
kahpnmck-1,AT2,0.5882,0.0138,AT1
kaiagonf-1,AT2,0.546,0.1602,AT1
kaickdga-1,AT2,0.4881,0.049,AT1
kaieboih-1,AT2,0.407,0.0371,AT1
kaifbfnm-1,AT2,0.645,0.099,AT1
kaifbpki-1,AT2,0.2794,0.0275,Lymphatic EC
kaifkdmo-1,AT2,0.4236,0.0078,Goblet
kaiflpng-1,Distal epithelium,0.4826,0.0419,Multiciliated
kaifmadi-1,AT2,0.4333,0.1555,Distal epithelium
kaihhlmo-1,AT2,0.5444,0.0996,Distal epithelium
kaiihdga-1,AT2,0.605,0.1486,Distal epithelium
kaijdlle-1,AT2,0.4892,0.0516,AT1
kaioiadb-1,AT2,0.632,0.0852,AT1
kaipmlae-1,AT2,0.5271,0.1463,Distal epithelium
kajcobge-1,AT2,0.3914,0.0116,Distal epithelium
kajcpgch-1,AT2,0.5018,0.1483,Distal epithelium
kajjhcpd-1,AT2,0.5191,0.1013,Distal epithelium
kajjmdhg-1,Goblet,0.5488,0.0017,AT2
kajleoeo-1,Alveolar macrophages,0.5836,0.0388,Goblet
kajofhji-1,AT2,0.5186,0.1536,Multiciliated
kakalicd-1,AT2,0.5654,0.043,AT1
kakbclbm-1,AT2,0.4305,0.127,Distal epithelium
kakblmio-1,AT2,0.6205,0.0565,AT1
kakbodlo-1,AT2,0.456,0.0846,AT1
kakeofah-1,AT2,0.5791,0.0745,Multiciliated
kakfkfff-1,Multiciliated,0.494,0.0367,Distal epithelium
kakflanl-1,Distal epithelium,0.4376,0.0201,Multiciliated
kakhencl-1,AT2,0.2991,0.0133,Distal epithelium
kakhmlbm-1,AT2,0.583,0.1181,AT1
kakjpbfp-1,AT2,0.6104,0.0573,AT1
kalelgbl-1,AT2,0.5354,0.0265,AT1
kalgepcg-1,AT2,0.4859,0.0847,Distal epithelium
kalggkjf-1,AT2,0.6716,0.256,AT1
kalhphbf-1,AT2,0.6582,0.1581,AT1
kaljmdmj-1,AT2,0.4201,0.0055,Alveolar fibroblasts
kallemdo-1,AT2,0.6397,0.0958,Distal epithelium
kallfkic-1,EC venous,0.2407,0.0154,EC general capillary
kallhkbm-1,AT2,0.573,0.0651,AT1
kalocncp-1,AT2,0.7658,0.0808,AT1
kambgafa-1,AT2,0.5482,0.0808,AT1
kamcdifd-1,AT2,0.3957,0.0403,Multiciliated
kamcnjnd-1,AT2,0.625,0.1136,AT1
kamebifm-1,AT2,0.5674,0.0987,Distal epithelium
kameecnh-1,AT2,0.5604,0.0332,Multiciliated
kamffien-1,AT2,0.5272,0.0984,Distal epithelium
kamfikma-1,Distal epithelium,0.3874,0.0233,AT2
kamgmppb-1,AT1,0.3847,0.0523,AT2
kamhbdcj-1,AT2,0.6412,0.166,Distal epithelium
kamhhaal-1,AT2,0.6086,0.1011,AT1
kamiffke-1,AT2,0.543,0.0664,Goblet
kamjbkgf-1,AT2,0.7725,0.2184,AT1
kammdjig-1,AT2,0.4538,0.1729,AT1
kammgkph-1,AT2,0.631,0.0696,AT1
kamnkehn-1,AT2,0.6112,0.1071,T/NK cells
kampfbnn-1,AT2,0.5062,0.0259,Alveolar fibroblasts
kampghcc-1,AT2,0.5371,0.0461,Distal epithelium
kampkphh-1,AT2,0.5746,0.1014,Multiciliated
kangpdgc-1,AT2,0.5379,0.0554,Distal epithelium
kangpleg-1,AT2,0.7321,0.1909,Distal epithelium
kanjljba-1,AT2,0.4826,0.1019,AT1
kanjllac-1,AT2,0.5595,0.0713,AT1
kanllhaa-1,AT2,0.6466,0.1182,AT1
kannlclc-1,AT2,0.6685,0.2342,AT1
kanpahdg-1,AT2,0.615,0.1291,T/NK cells
kanpkaaa-1,AT2,0.5268,0.1038,AT1
kaocfkkb-1,AT2,0.6298,0.1487,T/NK cells
kaochpcc-1,AT2,0.7047,0.2128,Distal epithelium
kaohapdk-1,Alveolar fibroblasts,0.5847,0.0213,Airway smooth muscle
kaokohpn-1,AT2,0.4428,0.0031,EC venous
kaolcjeh-1,AT2,0.6661,0.1402,Distal epithelium
kaolfbag-1,AT1,0.3389,0.036,EC aerocyte capillary
kaoobfoa-1,AT2,0.6067,0.1273,Multiciliated
kapbalmf-1,AT2,0.6039,0.1146,AT1
kapdfpni-1,AT2,0.6099,0.1712,Multiciliated
kapecgde-1,AT2,0.4623,0.1614,AT1
kapegpnc-1,AT2,0.6342,0.0961,AT1
kapfedgi-1,AT2,0.3724,0.0852,Goblet
kaphdodh-1,AT2,0.5691,0.0872,AT1
kapkeofa-1,AT2,0.5652,0.1875,AT1
kapkfbnm-1,AT2,0.6216,0.1991,Distal epithelium
kapkneaa-1,AT2,0.5529,0.1817,AT1
kapnablm-1,AT2,0.6724,0.1149,AT1
kapnldcm-1,AT2,0.5282,0.1341,AT1
kapoomfe-1,AT2,0.614,0.1442,AT1
kappbggl-1,AT2,0.575,0.1152,Distal epithelium
kappognl-1,AT2,0.4747,0.1465,Multiciliated
kbabkfff-1,AT2,0.5172,0.1273,AT1
kbaccnpk-1,AT2,0.4268,0.0986,Goblet
kbagabkl-1,AT2,0.733,0.261,Distal epithelium
kbalgnec-1,AT2,0.5881,0.2109,AT1
kbaooghg-1,AT2,0.6201,0.1479,Distal epithelium
kbaphang-1,AT2,0.5897,0.2179,Distal epithelium
kbbcefic-1,AT1,0.5133,0.0106,AT2
kbbdkkmd-1,AT2,0.5824,0.0873,AT1
kbbebpif-1,AT2,0.5451,0.1467,Distal epithelium
kbbegpgp-1,AT2,0.2945,0.145,AT1
kbbfmhjp-1,Distal epithelium,0.5663,0.0045,AT2
kbcaikgo-1,AT2,0.5992,0.1749,AT1
kbcfjmnm-1,Airway smooth muscle,0.4256,0.012,Alveolar fibroblasts
kbcgldgp-1,AT2,0.6578,0.1717,Multiciliated
kbchfkmn-1,AT2,0.622,0.1535,AT1
kbchohdf-1,AT2,0.5427,0.1562,AT1
kbcmpeih-1,AT2,0.4479,0.0289,T/NK cells
kbcnjacl-1,AT2,0.4889,0.0357,Distal epithelium
kbcpifaf-1,AT2,0.4409,0.0053,T/NK cells
kbdglkfo-1,AT2,0.4596,0.1581,AT1
kbdkfgkc-1,AT2,0.6179,0.1382,Distal epithelium
kbdkkahj-1,AT2,0.5445,0.1193,AT1
kbdlcjgk-1,AT2,0.5636,0.0974,T/NK cells
kbdlehdc-1,Multiciliated,0.373,0.0051,Goblet
kbdnflid-1,Pericytes,0.5041,0.0289,Airway smooth muscle
kbdoocbk-1,AT2,0.5295,0.0515,AT1
kbeaimmm-1,AT2,0.4858,0.0517,AT1
kbeddocl-1,Alveolar fibroblasts,0.5306,0.0582,Airway smooth muscle
kbedfenj-1,AT2,0.5174,0.1483,Goblet
kbehhnkj-1,AT2,0.6829,0.2069,AT1
kbehiadd-1,T/NK cells,0.3884,0.0168,AT2
kbehpoac-1,AT2,0.7164,0.1489,Distal epithelium
kbeiiale-1,AT2,0.576,0.1124,Distal epithelium
kbeilian-1,AT2,0.6028,0.1641,Distal epithelium
kbeipcid-1,AT2,0.4956,0.0931,AT1
kbejjnoi-1,AT2,0.5201,0.0898,Distal epithelium
kbelodhm-1,AT2,0.4298,0.1447,Goblet
kbemfkjm-1,Alveolar fibroblasts,0.6567,0.0155,Airway smooth muscle
kbemfnlo-1,AT2,0.7475,0.1633,Distal epithelium
kbenjpco-1,AT2,0.6245,0.1316,AT1
kbenmlnl-1,Basal,0.4399,0.0188,Goblet
kbennabh-1,AT2,0.6371,0.1353,Goblet
kbeojlmj-1,AT2,0.5347,0.1186,T/NK cells
kbeolhpl-1,Alveolar fibroblasts,0.5709,0.0036,AT2
kbfabebh-1,AT2,0.5466,0.1545,AT1
kbfaoimo-1,AT2,0.5126,0.1873,Goblet
kbfchgal-1,AT2,0.6104,0.2017,AT1
kbfibokg-1,AT2,0.2258,0.0413,EC venous
kbflkbhg-1,AT2,0.4929,0.115,Multiciliated
kbflpcdb-1,AT2,0.6618,0.0903,AT1
kbfpeipi-1,AT2,0.6567,0.0829,AT1
kbfpgcfg-1,AT2,0.6578,0.2059,Distal epithelium
kbfpiiec-1,AT2,0.7091,0.1997,AT1
kbgaccnj-1,AT2,0.4144,0.0117,AT1
kbgcakie-1,AT2,0.5214,0.1098,Distal epithelium
kbgcclcn-1,Alveolar fibroblasts,0.3943,0.0285,T/NK cells
kbgfifih-1,AT2,0.5977,0.1096,AT1
kbghnfji-1,AT2,0.5278,0.0887,Goblet
kbgmkmbe-1,AT2,0.5518,0.0675,Goblet
kbgnalle-1,B cells,0.3472,0.0067,AT2
kbgnebla-1,AT2,0.4718,0.0546,Distal epithelium
kbgoajlg-1,AT2,0.4532,0.0706,AT1
kbgobihi-1,AT2,0.2701,0.0749,Vascular smooth muscle
kbidjfln-1,AT2,0.4684,0.006,T/NK cells
kbifoocg-1,AT2,0.2978,0.1393,AT1
kbigldaa-1,AT2,0.5479,0.2298,AT1
kbiibhgd-1,AT2,0.3474,0.0007,Secretory
kbimabak-1,AT2,0.5451,0.023,Goblet
kbimalok-1,AT2,0.6235,0.0943,Goblet
kbimgoel-1,AT2,0.4162,0.0562,Distal epithelium
kbiofmgp-1,AT2,0.3889,0.0501,AT1
kbiokbfe-1,AT2,0.6714,0.1566,AT1
kbipmffn-1,AT2,0.4914,0.0631,Distal epithelium
kbjaohci-1,AT2,0.5515,0.0994,Goblet
kbjcnchb-1,AT2,0.5864,0.0639,AT1
kbjegaad-1,AT2,0.4849,0.053,AT1
kbjeonan-1,AT2,0.5244,0.1186,Distal epithelium
kbjfbiam-1,AT2,0.5992,0.173,AT1
kbjfogke-1,AT2,0.5024,0.1084,Distal epithelium
kbjgcnol-1,AT2,0.5906,0.2188,AT1
kbjghfcm-1,AT2,0.6836,0.1881,AT1
kbjhapip-1,AT2,0.4155,0.0651,Airway smooth muscle
kbjmilan-1,AT2,0.668,0.0507,AT1
kbjoioff-1,AT2,0.449,0.0558,Multiciliated
kbjollog-1,AT2,0.4177,0.1345,Goblet
kcfgekob-1,AT2,0.3853,0.0631,Distal epithelium
kcicbhme-1,Multiciliated,0.4039,0.0194,AT2
kckdfgjk-1,AT2,0.2803,0.0569,AT1
kckiocpb-1,AT2,0.411,0.023,EC venous
kckmhijm-1,AT2,0.4133,0.0116,Goblet
kcljbfpc-1,AT1,0.5177,0.0288,AT2
kcmemfab-1,AT2,0.4359,0.0336,Multiciliated
kcmjjnmm-1,Distal epithelium,0.3043,0.0031,AT2
kcmjkeha-1,AT2,0.4449,0.0435,Multiciliated
kcmjlpei-1,AT2,0.4018,0.0681,Multiciliated
kcnamoac-1,Vascular smooth muscle,0.429,0.001,Pericytes
kdkplhkf-1,Multiciliated,0.4952,0.0096,AT2
kemgepcp-1,AT1,0.6713,0.0929,AT2
kfigmkil-1,AT2,0.3791,0.1569,Distal epithelium
kfjejdhm-1,Airway smooth muscle,0.3869,0.0109,Alveolar fibroblasts
kfnblale-1,AT2,0.5039,0.0438,AT1
kfngckmc-1,AT2,0.3527,0.0007,Multiciliated
kgcmjedb-1,AT2,0.3992,0.0281,T/NK cells
kghmfkle-1,AT1,0.5631,0.1002,AT2
kgiilhlf-1,AT2,0.5286,0.1033,AT1
kgljjgnp-1,AT1,0.7267,0.0005,AT2
kgljkaeg-1,Distal epithelium,0.5118,0.0341,AT2
khchclbe-1,AT1,0.385,0.0162,AT2
khenmpnb-1,AT1,0.6485,0.0325,AT2
khgdkhie-1,AT2,0.4919,0.0257,Multiciliated
khikbmfm-1,Multiciliated,0.2547,0.0197,AT2
kiclofgo-1,AT2,0.4867,0.049,Basal
kilnejfg-1,AT2,0.4631,0.0965,Distal epithelium
kimmfagi-1,AT1,0.4461,0.001,AT2
kjcmmedo-1,AT2,0.4011,0.0876,AT1
kjhfelol-1,Neutrophils,0.1348,0.0036,EC aerocyte capillary
kjjpgmek-1,AT1,0.5399,0.0414,AT2
kjlogglc-1,AT2,0.7277,0.0558,AT1
kjlpbnbj-1,Goblet,0.4196,0.0447,Basal
kjmacfhm-1,AT1,0.3253,0.0264,AT2
kjnkncfa-1,Distal epithelium,0.2591,0.0176,Multiciliated
kkbkmoha-1,Distal epithelium,0.5518,0.0433,Goblet
kkblccha-1,AT1,0.4933,0.0242,AT2
kkebmgpm-1,AT1,0.4887,0.0451,AT2
kkijdlhl-1,Goblet,0.3621,0.0041,AT2
kkjajjeb-1,Multiciliated,0.5041,0.0025,Basal
kkkbochd-1,AT2,0.441,0.005,Goblet
kkkdikip-1,AT2,0.6355,0.104,AT1
kkkdngif-1,AT2,0.255,0.022,AT1
kkknljhl-1,AT2,0.5562,0.0085,Distal epithelium
kklckbhm-1,AT2,0.545,0.0334,AT1
kklhjmea-1,Alveolar fibroblasts,0.3849,0.037,Airway smooth muscle
klaggkfn-1,Multiciliated,0.4595,0.0699,Goblet
klcjgbbg-1,AT2,0.3073,0.1017,AT1
kldbnigc-1,AT1,0.6531,0.0079,AT2
kldikjni-1,AT2,0.2899,0.1562,AT1
kldipcpb-1,AT1,0.477,0.0326,AT2
kleglghh-1,Multiciliated,0.1138,0.0162,AT2
klhanmmo-1,AT1,0.5274,0.0867,AT2
klkkpgff-1,Goblet,0.4747,0.008,AT2
kllhenbe-1,AT2,0.3308,0.041,Goblet
kllhlepn-1,AT2,0.6517,0.0745,AT1
kllonkfp-1,AT1,0.6646,0.1039,AT2
klnbgdhp-1,AT1,0.5477,0.1393,AT2
klompbmh-1,AT2,0.2753,0.0577,AT1
kmedjlpe-1,Multiciliated,0.5055,0.0676,AT2
kmemcahe-1,Multiciliated,0.4176,0.0053,AT2
kmkonaon-1,AT2,0.3722,0.1065,AT1
lenkfjck-1,Distal epithelium,0.5271,0.0354,Basal
leoepggc-1,Distal epithelium,0.3599,0.0151,T/NK cells
lfahjemh-1,Distal epithelium,0.3537,0.0753,Basal
lfcelkgp-1,Distal epithelium,0.2461,0.0788,Adventitial fibroblasts
lfcfmgoj-1,AT1,0.3511,0.0204,Distal epithelium
lffmjndk-1,Distal epithelium,0.5227,0.0631,AT1
lfgojfbm-1,Distal epithelium,0.5768,0.0912,Basal
lgimggod-1,Distal epithelium,0.1914,0.0595,Basal
lgpimpoo-1,EC aerocyte capillary,0.2526,0.0511,EC general capillary
lhpmgffm-1,Distal epithelium,0.1242,0.0022,AT2
lipdlpik-1,Distal epithelium,0.313,0.0416,Basal
lipofkid-1,Distal epithelium,0.6659,0.0783,Basal
ljbjhefn-1,Distal epithelium,0.538,0.0715,Airway smooth muscle
ljcbckcn-1,Goblet,0.5407,0.0097,Basal
ljcbcoec-1,Distal epithelium,0.6188,0.0962,Airway smooth muscle
ljcelgdj-1,Distal epithelium,0.6421,0.1525,T/NK cells
ljdmipmh-1,Distal epithelium,0.4957,0.1011,Multiciliated
lkcmfaml-1,Distal epithelium,0.466,0.0115,B cells
llfpmjka-1,AT1,0.5133,0.0736,AT2
llheobkl-1,AT1,0.2062,0.0634,AT2
lligeckj-1,Airway smooth muscle,0.3563,0.0042,AT1
lljgpegd-1,Distal epithelium,0.3877,0.0649,AT1
lljjkkfm-1,AT1,0.4338,0.0282,AT2
llmjahfp-1,AT1,0.4038,0.0716,Distal epithelium
lmdkaeof-1,AT1,0.098,0.0255,AT2
lmkcjjpk-1,AT1,0.4193,0.0132,Distal epithelium
lmkjjlma-1,AT1,0.4697,0.077,AT2
lmmmoali-1,T/NK cells,0.3867,0.0053,Interstitial macrophages
lnadklbe-1,AT2,0.2604,0.0147,AT1
lnfmanmj-1,AT1,0.4279,0.0532,AT2
lnhbkkpb-1,AT1,0.3393,0.132,AT2
lpldhlea-1,Distal epithelium,0.3793,0.001,AT1
lpoegcab-1,AT1,0.6761,0.1494,AT2
lponaegg-1,EC general capillary,0.3253,0.0437,EC aerocyte capillary
maajihcd-1,AT1,0.4793,0.0694,Distal epithelium
maccacdm-1,AT1,0.6268,0.12,AT2
mafpfmle-1,AT1,0.3885,0.0211,T/NK cells
maglocog-1,AT1,0.3936,0.0797,AT2
maidgfeb-1,EC aerocyte capillary,0.2571,0.0337,AT2
maihllgo-1,Distal epithelium,0.3143,0.0131,Multiciliated
majbenbj-1,AT1,0.6112,0.0975,Distal epithelium
mamjidlk-1,AT2,0.4088,0.0782,T/NK cells
mammaapd-1,AT1,0.4554,0.0062,Multiciliated
maoekppl-1,AT1,0.6352,0.0812,AT2
maoenfaa-1,AT1,0.2535,0.0061,AT2
maojffbb-1,AT1,0.6569,0.0691,Distal epithelium
mdcnhpga-1,Distal epithelium,0.453,0.0399,AT1
mddnjpgm-1,Distal epithelium,0.4731,0.007,Airway smooth muscle
mddpomkh-1,Distal epithelium,0.549,0.0082,AT1
mdfedgao-1,B cells,0.3675,0.0151,Airway smooth muscle
mdgflihi-1,AT1,0.5281,0.0124,Distal epithelium
mdieakei-1,Neutrophils,0.2851,0.0236,Distal epithelium
meobbdcj-1,AT1,0.311,0.0276,AT2
mfhmbkdb-1,Distal epithelium,0.3851,0.0257,AT1
mfkiholk-1,AT2,0.302,0.0257,B cells
mgcpdbkh-1,Goblet,0.4222,0.012,AT2
mgcphaon-1,T/NK cells,0.3428,0.0144,Distal epithelium
mgdfmdnl-1,AT1,0.471,0.0144,Distal epithelium
mgdkedfo-1,AT1,0.3696,0.0781,Distal epithelium
mgggpfbj-1,AT1,0.6246,0.1545,AT2
mggpfccf-1,Distal epithelium,0.4772,0.0053,Multiciliated
mggpmcle-1,AT1,0.3886,0.0772,AT2
mgiphioo-1,AT1,0.4578,0.0611,AT2
mgjeaofl-1,AT1,0.4948,0.0973,Distal epithelium
mgkepnji-1,AT1,0.4377,0.016,Distal epithelium
mgmnefnd-1,AT2,0.3695,0.0085,AT1
mgnbfenk-1,AT1,0.4397,0.0004,AT2
mipighip-1,AT1,0.579,0.0233,AT2
miplehlh-1,AT1,0.6506,0.038,Distal epithelium
miplnonp-1,AT1,0.4542,0.0759,AT2
mjacohnb-1,Distal epithelium,0.3886,0.0083,Basal
mjbhoigk-1,Distal epithelium,0.5501,0.0221,AT1
mjcchhgi-1,AT1,0.6171,0.0482,AT2
mjchjaci-1,AT1,0.5159,0.0861,Distal epithelium
mjcilbae-1,AT1,0.4848,0.0367,AT2
mjckilcc-1,AT1,0.6079,0.1434,AT2
mjopfjme-1,Distal epithelium,0.4849,0.0403,AT1
mmbpemba-1,Distal epithelium,0.3655,0.0365,Basal
mnmpjcfo-1,AT2,0.4626,0.0255,T/NK cells
monbkojo-1,Distal epithelium,0.507,0.0714,Basal
mpmgnhcc-1,AT2,0.3126,0.1229,AT1
naihklih-1,AT2,0.6261,0.116,Distal epithelium
nbcbckni-1,AT2,0.4633,0.1385,AT1
nbcipafd-1,Alveolar fibroblasts,0.314,0.0119,Airway smooth muscle
nbfafddj-1,AT2,0.3812,0.0157,Alveolar fibroblasts
nbhicoik-1,AT2,0.6282,0.0301,Goblet
nbhiheni-1,AT2,0.6756,0.0269,Goblet
nbnmkbal-1,Alveolar fibroblasts,0.4004,0.0043,Goblet
njhfegjb-1,AT2,0.5266,0.0196,AT1
nmcpongo-1,AT2,0.3964,0.0025,Distal epithelium
nnakdfdo-1,AT1,0.4445,0.0251,AT2
nnalhnlk-1,Distal epithelium,0.4214,0.0355,AT1
nncbankg-1,AT2,0.2317,0.1528,AT1
nnffcdgp-1,AT1,0.496,0.1197,AT2
nnimncod-1,Distal epithelium,0.3826,0.0003,AT2
nnkcgmie-1,AT1,0.7112,0.1426,Distal epithelium
noflohdj-1,Distal epithelium,0.4432,0.0339,AT1
noghbhao-1,Distal epithelium,0.4466,0.0306,AT1
nojkbfdl-1,AT1,0.4951,0.078,AT2
nojpfenn-1,Distal epithelium,0.3561,0.0266,Airway smooth muscle
nokcohhl-1,AT1,0.4742,0.0637,Distal epithelium
nolljipl-1,AT2,0.3349,0.0068,T/NK cells
nomgmjfc-1,Distal epithelium,0.3704,0.0191,Alveolar fibroblasts
npenbdhp-1,AT1,0.0871,0.0037,AT2
npeogkjj-1,AT2,0.4478,0.0001,AT1
npggmiia-1,AT1,0.5747,0.0521,Distal epithelium
npkaccif-1,Distal epithelium,0.4887,0.0381,T/NK cells
npnfhijf-1,Distal epithelium,0.4646,0.0592,Airway smooth muscle
oaacdhho-1,AT1,0.4908,0.0444,Distal epithelium
oaclhoga-1,AT1,0.5005,0.0446,AT2
oacngfdm-1,B cells,0.4918,0.009,Alveolar fibroblasts
odjlfbgj-1,AT1,0.4014,0.0589,AT2
odmbeoki-1,AT1,0.4966,0.1527,AT2
odnfejco-1,AT2,0.451,0.0222,Distal epithelium
oeaffaeo-1,Distal epithelium,0.4062,0.0309,AT1
oeamihek-1,AT1,0.5973,0.0503,Distal epithelium
oebmbfgh-1,AT1,0.2466,0.0303,Distal epithelium
oebnblna-1,EC general capillary,0.4559,0.0411,EC aerocyte capillary
ogomeafi-1,Multiciliated,0.2113,0.0273,Distal epithelium
ohnffhdn-1,AT2,0.3863,0.0218,Distal epithelium
